JOHN,MAN
WILLIAM,MAN
JAMES,MAN
CHARLES,MAN
GEORGE,MAN
FRANK,MAN
JOSEPH,MAN
THOMAS,MAN
HENRY,MAN
ROBERT,MAN
EDWARD,MAN
HARRY,MAN
WALTER,MAN
ARTHUR,MAN
FRED,MAN
ALBERT,MAN
SAMUEL,MAN
DAVID,MAN
LOUIS,MAN
JOE,MAN
CHARLIE,MAN
CLARENCE,MAN
RICHARD,MAN
ANDREW,MAN
DANIEL,MAN
ERNEST,MAN
WILL,MAN
JESSE,MAN
OSCAR,MAN
LEWIS,MAN
PETER,MAN
BENJAMIN,MAN
FREDERICK,MAN
WILLIE,MAN
ALFRED,MAN
SAM,MAN
ROY,MAN
HERBERT,MAN
JACOB,MAN
TOM,MAN
ELMER,MAN
CARL,MAN
LEE,MAN
HOWARD,MAN
MARTIN,MAN
MICHAEL,MAN
BERT,MAN
HERMAN,MAN
JIM,MAN
FRANCIS,MAN
HARVEY,MAN
EARL,MAN
EUGENE,MAN
RALPH,MAN
ED,MAN
CLAUDE,MAN
EDWIN,MAN
BEN,MAN
CHARLEY,MAN
PAUL,MAN
EDGAR,MAN
ISAAC,MAN
OTTO,MAN
LUTHER,MAN
LAWRENCE,MAN
IRA,MAN
PATRICK,MAN
GUY,MAN
OLIVER,MAN
THEODORE,MAN
HUGH,MAN
CLYDE,MAN
ALEXANDER,MAN
AUGUST,MAN
FLOYD,MAN
HOMER,MAN
JACK,MAN
LEONARD,MAN
HORACE,MAN
MARION,MAN
PHILIP,MAN
ALLEN,MAN
ARCHIE,MAN
STEPHEN,MAN
CHESTER,MAN
WILLIS,MAN
RAYMOND,MAN
RUFUS,MAN
WARREN,MAN
JESSIE,MAN
MILTON,MAN
ALEX,MAN
LEO,MAN
JULIUS,MAN
RAY,MAN
SIDNEY,MAN
BERNARD,MAN
DAN,MAN
JERRY,MAN
CALVIN,MAN
PERRY,MAN
DAVE,MAN
ANTHONY,MAN
EDDIE,MAN
AMOS,MAN
DENNIS,MAN
CLIFFORD,MAN
LEROY,MAN
WESLEY,MAN
ALONZO,MAN
GARFIELD,MAN
FRANKLIN,MAN
EMIL,MAN
LEON,MAN
NATHAN,MAN
HAROLD,MAN
MATTHEW,MAN
LEVI,MAN
MOSES,MAN
EVERETT,MAN
LESTER,MAN
WINFIELD,MAN
ADAM,MAN
LLOYD,MAN
MACK,MAN
FREDRICK,MAN
JAY,MAN
JESS,MAN
MELVIN,MAN
NOAH,MAN
AARON,MAN
ALVIN,MAN
NORMAN,MAN
GILBERT,MAN
ELIJAH,MAN
VICTOR,MAN
GUS,MAN
NELSON,MAN
JASPER,MAN
SILAS,MAN
CHRISTOPHER,MAN
JAKE,MAN
MIKE,MAN
PERCY,MAN
ADOLPH,MAN
MAURICE,MAN
CORNELIUS,MAN
FELIX,MAN
REUBEN,MAN
WALLACE,MAN
CLAUD,MAN
ROSCOE,MAN
SYLVESTER,MAN
EARNEST,MAN
HIRAM,MAN
OTIS,MAN
SIMON,MAN
WILLARD,MAN
IRVIN,MAN
MARK,MAN
JOSE,MAN
WILBUR,MAN
ABRAHAM,MAN
VIRGIL,MAN
CLINTON,MAN
ELBERT,MAN
LESLIE,MAN
MARSHALL,MAN
OWEN,MAN
WILEY,MAN
ANTON,MAN
MORRIS,MAN
MANUEL,MAN
PHILLIP,MAN
AUGUSTUS,MAN
EMMETT,MAN
ELI,MAN
NICHOLAS,MAN
WILSON,MAN
ALVA,MAN
HARLEY,MAN
NEWTON,MAN
TIMOTHY,MAN
MARVIN,MAN
ROSS,MAN
CURTIS,MAN
EDMUND,MAN
JEFF,MAN
ELIAS,MAN
HARRISON,MAN
STANLEY,MAN
COLUMBUS,MAN
LON,MAN
ORA,MAN
OLLIE,MAN
RUSSELL,MAN
PEARL,MAN
SOLOMON,MAN
ARCH,MAN
ASA,MAN
CLAYTON,MAN
ENOCH,MAN
IRVING,MAN
MATHEW,MAN
NATHANIEL,MAN
SCOTT,MAN
HUBERT,MAN
LEMUEL,MAN
ANDY,MAN
ELLIS,MAN
EMANUEL,MAN
JOSHUA,MAN
MILLARD,MAN
VERNON,MAN
WADE,MAN
CYRUS,MAN
MILES,MAN
RUDOLPH,MAN
SHERMAN,MAN
AUSTIN,MAN
BILL,MAN
CHAS,MAN
LONNIE,MAN
MONROE,MAN
BYRON,MAN
EDD,MAN
EMERY,MAN
GRANT,MAN
JEROME,MAN
MAX,MAN
MOSE,MAN
STEVE,MAN
GORDON,MAN
ABE,MAN
PETE,MAN
CHRIS,MAN
CLARK,MAN
GUSTAVE,MAN
ORVILLE,MAN
LORENZO,MAN
BRUCE,MAN
MARCUS,MAN
PRESTON,MAN
BOB,MAN
DOCK,MAN
DONALD,MAN
JACKSON,MAN
CECIL,MAN
BARNEY,MAN
DELBERT,MAN
EDMOND,MAN
ANDERSON,MAN
CHRISTIAN,MAN
GLENN,MAN
JEFFERSON,MAN
LUKE,MAN
NEAL,MAN
BURT,MAN
IKE,MAN
MYRON,MAN
TONY,MAN
CONRAD,MAN
JOEL,MAN
MATT,MAN
RILEY,MAN
VINCENT,MAN
EMORY,MAN
ISAIAH,MAN
NICK,MAN
EZRA,MAN
GREEN,MAN
JUAN,MAN
CLIFTON,MAN
LUCIUS,MAN
PORTER,MAN
ARNOLD,MAN
BUD,MAN
JEREMIAH,MAN
TAYLOR,MAN
FORREST,MAN
ROLAND,MAN
SPENCER,MAN
BURTON,MAN
DON,MAN
EMMET,MAN
GUSTAV,MAN
LOUIE,MAN
MORGAN,MAN
NED,MAN
VAN,MAN
AMBROSE,MAN
CHAUNCEY,MAN
ELISHA,MAN
FERDINAND,MAN
GENERAL,MAN
JULIAN,MAN
KENNETH,MAN
MITCHELL,MAN
ALLIE,MAN
JOSH,MAN
JUDSON,MAN
LYMAN,MAN
NAPOLEON,MAN
PEDRO,MAN
BERRY,MAN
DEWITT,MAN
ERVIN,MAN
FOREST,MAN
LYNN,MAN
PINK,MAN
RUBEN,MAN
SANFORD,MAN
WARD,MAN
DOUGLAS,MAN
OLE,MAN
OMER,MAN
ULYSSES,MAN
WALKER,MAN
WILBERT,MAN
ADELBERT,MAN
BENJIMAN,MAN
IVAN,MAN
JONAS,MAN
MAJOR,MAN
ABNER,MAN
ARCHIBALD,MAN
CALEB,MAN
CLINT,MAN
DUDLEY,MAN
GRANVILLE,MAN
KING,MAN
MARY,MAN
MERTON,MAN
ANTONIO,MAN
BENNIE,MAN
CARROLL,MAN
FREEMAN,MAN
JOSIAH,MAN
MILO,MAN
ROYAL,MAN
DICK,MAN
EARLE,MAN
ELZA,MAN
EMERSON,MAN
FLETCHER,MAN
JUDGE,MAN
LAURENCE,MAN
NEIL,MAN
ROGER,MAN
SETH,MAN
GLEN,MAN
HUGO,MAN
JIMMIE,MAN
JOHNNIE,MAN
WASHINGTON,MAN
ELWOOD,MAN
GUST,MAN
HARMON,MAN
JORDAN,MAN
SIMEON,MAN
WAYNE,MAN
WILBER,MAN
CLEM,MAN
EVAN,MAN
FREDERIC,MAN
IRWIN,MAN
JUNIUS,MAN
LAFAYETTE,MAN
LOREN,MAN
MADISON,MAN
MASON,MAN
ORVAL,MAN
ABRAM,MAN
AUBREY,MAN
ELLIOTT,MAN
HANS,MAN
KARL,MAN
MINOR,MAN
WASH,MAN
WILFRED,MAN
ALLAN,MAN
ALPHONSE,MAN
DALLAS,MAN
DEE,MAN
ISIAH,MAN
JASON,MAN
JOHNNY,MAN
LAWSON,MAN
LEW,MAN
MICHEAL,MAN
ORIN,MAN
ADDISON,MAN
CAL,MAN
ERASTUS,MAN
FRANCISCO,MAN
HARDY,MAN
LUCIEN,MAN
RANDOLPH,MAN
STEWART,MAN
VERN,MAN
WILMER,MAN
ZACK,MAN
ADRIAN,MAN
ALVAH,MAN
BERTRAM,MAN
CLAY,MAN
EPHRAIM,MAN
FRITZ,MAN
GILES,MAN
GROVER,MAN
HARRIS,MAN
ISOM,MAN
JESUS,MAN
JOHNIE,MAN
JONATHAN,MAN
LUCIAN,MAN
MALCOLM,MAN
MERRITT,MAN
OTHO,MAN
PERLEY,MAN
ROLLA,MAN
SANDY,MAN
TOMAS,MAN
WILFORD,MAN
ADOLPHUS,MAN
ANGUS,MAN
ARTHER,MAN
CARLOS,MAN
CARY,MAN
CASSIUS,MAN
DAVIS,MAN
HAMILTON,MAN
HARVE,MAN
ISRAEL,MAN
LEANDER,MAN
MELVILLE,MAN
MERLE,MAN
MURRAY,MAN
PLEASANT,MAN
STERLING,MAN
STEVEN,MAN
AXEL,MAN
BOYD,MAN
BRYANT,MAN
CLEMENT,MAN
ERWIN,MAN
EZEKIEL,MAN
FOSTER,MAN
FRANCES,MAN
GEO,MAN
HOUSTON,MAN
ISSAC,MAN
JULES,MAN
LARKIN,MAN
MAT,MAN
MORTON,MAN
ORLANDO,MAN
PIERCE,MAN
PRINCE,MAN
ROLLIE,MAN
ROLLIN,MAN
SIM,MAN
STUART,MAN
WILBURN,MAN
BENNETT,MAN
CASPER,MAN
CHRIST,MAN
DELL,MAN
EGBERT,MAN
ELMO,MAN
FAY,MAN
GABRIEL,MAN
HECTOR,MAN
HORATIO,MAN
LIGE,MAN
SAUL,MAN
SMITH,MAN
SQUIRE,MAN
TOBE,MAN
TOMMIE,MAN
WYATT,MAN
ALFORD,MAN
ALMA,MAN
ALTON,MAN
ANDRES,MAN
BURL,MAN
CICERO,MAN
DEAN,MAN
DORSEY,MAN
ENOS,MAN
HOWELL,MAN
LOU,MAN
LOYD,MAN
MAHLON,MAN
NAT,MAN
OMAR,MAN
ORAN,MAN
PARKER,MAN
RALEIGH,MAN
REGINALD,MAN
RUBIN,MAN
SEYMOUR,MAN
WM,MAN
YOUNG,MAN
BENJAMINE,MAN
CAREY,MAN
CARLTON,MAN
ELDRIDGE,MAN
ELZIE,MAN
GARRETT,MAN
ISHAM,MAN
JOHNSON,MAN
LARRY,MAN
LOGAN,MAN
MERRILL,MAN
MONT,MAN
OREN,MAN
PIERRE,MAN
REX,MAN
RODNEY,MAN
TED,MAN
WEBSTER,MAN
WEST,MAN
WHEELER,MAN
WILLAM,MAN
AL,MAN
ALOYSIUS,MAN
ALVIE,MAN
ANNA,MAN
ART,MAN
AUGUSTINE,MAN
BAILEY,MAN
BENJAMAN,MAN
BEVERLY,MAN
BISHOP,MAN
CLAIR,MAN
CLOYD,MAN
COLEMAN,MAN
DANA,MAN
DUNCAN,MAN
DWIGHT,MAN
EMILE,MAN
EVERT,MAN
HENDERSON,MAN
HUNTER,MAN
JEAN,MAN
LEM,MAN
LUIS,MAN
MATHIAS,MAN
MAYNARD,MAN
MIGUEL,MAN
MORTIMER,MAN
NELS,MAN
NORRIS,MAN
PAT,MAN
PHIL,MAN
RUSH,MAN
SANTIAGO,MAN
SOL,MAN
SYDNEY,MAN
THADDEUS,MAN
THORNTON,MAN
TIM,MAN
TRAVIS,MAN
TRUMAN,MAN
WATSON,MAN
WEBB,MAN
WELLINGTON,MAN
WINFRED,MAN
WYLIE,MAN
ALEC,MAN
BASIL,MAN
BAXTER,MAN
BERTRAND,MAN
BUFORD,MAN
BURR,MAN
CLEVELAND,MAN
COLONEL,MAN
DEMPSEY,MAN
EARLY,MAN
ELLSWORTH,MAN
FATE,MAN
FINLEY,MAN
GABE,MAN
GARLAND,MAN
GERALD,MAN
HERSCHEL,MAN
HEZEKIAH,MAN
JUSTUS,MAN
LINDSEY,MAN
MARCELLUS,MAN
OLAF,MAN
OLIN,MAN
PABLO,MAN
ROLLAND,MAN
TURNER,MAN
VERNE,MAN
VOLNEY,MAN
WILLIAMS,MAN
ALMON,MAN
ALOIS,MAN
ALONZA,MAN
ANSON,MAN
AUTHUR,MAN
BENTON,MAN
BILLIE,MAN
CORNELIOUS,MAN
DARIUS,MAN
DENIS,MAN
DILLARD,MAN
DOCTOR,MAN
ELVIN,MAN
EMMA,MAN
ERIC,MAN
EVANS,MAN
GIDEON,MAN
HAYWOOD,MAN
HILLIARD,MAN
HOSEA,MAN
LINCOLN,MAN
LONZO,MAN
LUCIOUS,MAN
LUM,MAN
MALACHI,MAN
NEWT,MAN
NOEL,MAN
ORIE,MAN
PALMER,MAN
PINKNEY,MAN
SHIRLEY,MAN
SUMNER,MAN
TERRY,MAN
URBAN,MAN
URIAH,MAN
VALENTINE,MAN
WALDO,MAN
WARNER,MAN
WONG,MAN
ZEB,MAN
ABEL,MAN
ALDEN,MAN
ARCHER,MAN
AVERY,MAN
CARSON,MAN
CULLEN,MAN
DOC,MAN
EBEN,MAN
ELIGE,MAN
ELIZABETH,MAN
ELMORE,MAN
ERNST,MAN
FINIS,MAN
FREDDIE,MAN
GODFREY,MAN
GUSS,MAN
HAMP,MAN
HERMANN,MAN
ISADORE,MAN
ISREAL,MAN
JONES,MAN
JUNE,MAN
LACY,MAN
LAFE,MAN
LELAND,MAN
LLEWELLYN,MAN
LUDWIG,MAN
MANFORD,MAN
MAXWELL,MAN
MINNIE,MAN
OBIE,MAN
OCTAVE,MAN
ORRIN,MAN
OSSIE,MAN
OSWALD,MAN
PARK,MAN
PARLEY,MAN
RAMON,MAN
RICE,MAN
STONEWALL,MAN
THEO,MAN
TILLMAN,MAN
ADDIE,MAN
ARON,MAN
ASHLEY,MAN
BERNHARD,MAN
BERTIE,MAN
BERTON,MAN
BUSTER,MAN
BUTLER,MAN
CARLETON,MAN
CARRIE,MAN
CLARA,MAN
CLARANCE,MAN
CLARE,MAN
CRAWFORD,MAN
DANIAL,MAN
DAYTON,MAN
DOLPHUS,MAN
ELDER,MAN
EPHRIAM,MAN
FAYETTE,MAN
FELIPE,MAN
FERNANDO,MAN
FLEM,MAN
FLORENCE,MAN
FORD,MAN
HARLAN,MAN
HAYES,MAN
HENERY,MAN
HOY,MAN
HUSTON,MAN
IDA,MAN
IVORY,MAN
JONAH,MAN
JUSTIN,MAN
LENARD,MAN
LEOPOLD,MAN
LIONEL,MAN
MANLEY,MAN
MARQUIS,MAN
MARSHAL,MAN
MART,MAN
ODIE,MAN
OLEN,MAN
ORAL,MAN
ORLEY,MAN
OTHA,MAN
PRESS,MAN
PRICE,MAN
QUINCY,MAN
RANDALL,MAN
RICH,MAN
RICHMOND,MAN
ROMEO,MAN
RUSSEL,MAN
RUTHERFORD,MAN
SHADE,MAN
SHELBY,MAN
SOLON,MAN
THURMAN,MAN
TILDEN,MAN
TROY,MAN
WOODSON,MAN
WORTH,MAN
ADEN,MAN
ALCIDE,MAN
ALF,MAN
ALGIE,MAN
ARLIE,MAN
BART,MAN
BEDFORD,MAN
BENITO,MAN
BILLY,MAN
BIRD,MAN
BIRT,MAN
BRUNO,MAN
BURLEY,MAN
CHANCY,MAN
CLAUS,MAN
CLIFF,MAN
CLOVIS,MAN
CONNIE,MAN
CREED,MAN
DELOS,MAN
DUKE,MAN
EBER,MAN
ELIGAH,MAN
ELLIOT,MAN
ELTON,MAN
EMMITT,MAN
GENE,MAN
GOLDEN,MAN
HAL,MAN
HARDIN,MAN
HARMAN,MAN
HERVEY,MAN
HOLLIS,MAN
IVEY,MAN
JENNIE,MAN
LEN,MAN
LINDSAY,MAN
LONIE,MAN
LYLE,MAN
MAC,MAN
MAL,MAN
MATH,MAN
MILLER,MAN
ORSON,MAN
OSBORNE,MAN
PERCIVAL,MAN
PLEAS,MAN
PLES,MAN
RAFAEL,MAN
RAOUL,MAN
RODERICK,MAN
ROSE,MAN
SHELTON,MAN
SID,MAN
THERON,MAN
TOBIAS,MAN
TONEY,MAN
TYLER,MAN
VANCE,MAN
VIVIAN,MAN
WALTON,MAN
WATT,MAN
WEAVER,MAN
WILTON,MAN
ADOLF,MAN
ALBIN,MAN
ALBION,MAN
ALLISON,MAN
ALPHA,MAN
ALPHEUS,MAN
ANASTACIO,MAN
ANDRE,MAN
ANNIE,MAN
ARLINGTON,MAN
ARMAND,MAN
ASBERRY,MAN
ASBURY,MAN
ASHER,MAN
AUGUSTIN,MAN
AUTHER,MAN
AUTHOR,MAN
BALLARD,MAN
BLAS,MAN
CAESAR,MAN
CANDIDO,MAN
CATO,MAN
CLARKE,MAN
CLEMENTE,MAN
COLIN,MAN
COMMODORE,MAN
CORA,MAN
COY,MAN
CRUZ,MAN
CURT,MAN
DAMON,MAN
DAVIE,MAN
DELMAR,MAN
DEXTER,MAN
DORA,MAN
DOSS,MAN
DREW,MAN
EDSON,MAN
ELAM,MAN
ELIHU,MAN
ELIZA,MAN
ELSIE,MAN
ERIE,MAN
ERNIE,MAN
ETHEL,MAN
FERD,MAN
FRIEND,MAN
GARRY,MAN
GARY,MAN
GRACE,MAN
GUSTAF,MAN
HALLIE,MAN
HAMPTON,MAN
HARRIE,MAN
HATTIE,MAN
HENCE,MAN
HILLARD,MAN
HOLLIE,MAN
HOLMES,MAN
HOPE,MAN
HYMAN,MAN
ISHMAEL,MAN
JARRETT,MAN
JESSEE,MAN
JOESEPH,MAN
JUNIOUS,MAN
KIRK,MAN
LEVY,MAN
MERVIN,MAN
MICHEL,MAN
MILFORD,MAN
MITCHEL,MAN
NELLIE,MAN
NOBLE,MAN
OBED,MAN
ODA,MAN
ORREN,MAN
OTTIS,MAN
RAFE,MAN
REDDEN,MAN
REESE,MAN
RUBE,MAN
RUBY,MAN
RUPERT,MAN
SALOMON,MAN
SAMMIE,MAN
SANDERS,MAN
SOLOMAN,MAN
STACY,MAN
STANFORD,MAN
STANTON,MAN
THAD,MAN
TITUS,MAN
TRACY,MAN
VERNIE,MAN
WENDELL,MAN
WILHELM,MAN
WILLIAN,MAN
YEE,MAN
ZEKE,MAN
AB,MAN
ABBOTT,MAN
AGUSTUS,MAN
ALBERTUS,MAN
ALMER,MAN
ALPHONSO,MAN
ALVIA,MAN
ARTIE,MAN
ARVID,MAN
ASHBY,MAN
AUGUSTA,MAN
AURTHUR,MAN
BABE,MAN
BALDWIN,MAN
BARNETT,MAN
BARTHOLOMEW,MAN
BARTON,MAN
BERNIE,MAN
BLAINE,MAN
BOSTON,MAN
BRAD,MAN
BRADFORD,MAN
BRADLEY,MAN
BROOKS,MAN
BUCK,MAN
BUDD,MAN
CEYLON,MAN
CHALMERS,MAN
CHESLEY,MAN
CHIN,MAN
CLEO,MAN
CROCKETT,MAN
CYRIL,MAN
DAISY,MAN
DENVER,MAN
DOW,MAN
DUFF,MAN
EDIE,MAN
EDITH,MAN
ELICK,MAN
ELIE,MAN
ELIGA,MAN
ELISEO,MAN
ELROY,MAN
ELY,MAN
ENNIS,MAN
ENRIQUE,MAN
ERASMUS,MAN
ESAU,MAN
EVERETTE,MAN
FIRMAN,MAN
FLEMING,MAN
FLORA,MAN
GARDNER,MAN
GEE,MAN
GORGE,MAN
GOTTLIEB,MAN
GREGORIO,MAN
GREGORY,MAN
GUSTAVUS,MAN
HALSEY,MAN
HANDY,MAN
HARDIE,MAN
HARL,MAN
HAYDEN,MAN
HAYS,MAN
HERMON,MAN
HERSHEL,MAN
HOLLY,MAN
HOSTEEN,MAN
HOYT,MAN
HUDSON,MAN
HUEY,MAN
HUMPHREY,MAN
HUNT,MAN
HYRUM,MAN
IRVEN,MAN
ISAM,MAN
IVY,MAN
JABEZ,MAN
JEWEL,MAN
JODIE,MAN
JUDD,MAN
JULIOUS,MAN
JUSTICE,MAN
KATHERINE,MAN
KELLY,MAN
KIT,MAN
KNUTE,MAN
LAVERN,MAN
LAWYER,MAN
LAYTON,MAN
BROWN,MAN
NEWELL,MAN
CARTER,MAN
LUCAS,MAN
RANSOM,MAN
BEE,MAN
MEYER,MAN
PARIS,MAN
BYRD,MAN
DEFOREST,MAN
DOLPH,MAN
HARPER,MAN
JULE,MAN
LAMBERT,MAN
MARGARET,MAN
OCIE,MAN
ORANGE,MAN
REECE,MAN
ROE,MAN
AMBERS,MAN
BESSIE,MAN
COLLINS,MAN
ELBRIDGE,MAN
ELDON,MAN
ELVIS,MAN
GASTON,MAN
GUADALUPE,MAN
HARTWELL,MAN
KNOX,MAN
LUE,MAN
MANNING,MAN
OLA,MAN
REED,MAN
SAMPSON,MAN
SAMUAL,MAN
THOS,MAN
TODD,MAN
TOMMY,MAN
UNKNOWN,MAN
WIRT,MAN
WOODIE,MAN
ALICE,MAN
ALVIS,MAN
AMMON,MAN
BOSS,MAN
CAS,MAN
CASS,MAN
CHALMER,MAN
DENTON,MAN
ELSWORTH,MAN
ERVING,MAN
FREDRIC,MAN
FURMAN,MAN
HELEN,MAN
PEARLIE,MAN
PLUMMER,MAN
PRESLEY,MAN
ROLLO,MAN
ROSWELL,MAN
RUFFUS,MAN
SHELDON,MAN
TILMAN,MAN
YORK,MAN
ACIE,MAN
ALFONSO,MAN
ASHTON,MAN
BURKE,MAN
CAP,MAN
CASIMIRO,MAN
COLLIE,MAN
CURLEY,MAN
DALE,MAN
DIXON,MAN
DOMINICK,MAN
GARRET,MAN
GERRIT,MAN
GRIFFIN,MAN
HALL,MAN
HEBER,MAN
HURLEY,MAN
ISIDORE,MAN
LORENZA,MAN
MARIAN,MAN
MAUD,MAN
MAUDE,MAN
MURPHY,MAN
OBE,MAN
ORLA,MAN
ORLO,MAN
ORRIE,MAN
SEBASTIAN,MAN
STARLING,MAN
TOLBERT,MAN
WHIT,MAN
ADRIEN,MAN
ALTO,MAN
ANGELO,MAN
ANTONE,MAN
ARDEN,MAN
ATTICUS,MAN
BELTON,MAN
BERTHA,MAN
BLAIR,MAN
BURRELL,MAN
CALLIE,MAN
CAMPBELL,MAN
CHAMP,MAN
COLEY,MAN
CONWAY,MAN
CRAIG,MAN
DALTON,MAN
DARRELL,MAN
DARWIN,MAN
DENNIE,MAN
EBB,MAN
EBBIE,MAN
EDNA,MAN
ELLISON,MAN
ELONZO,MAN
EMIT,MAN
EMRY,MAN
EPHRAM,MAN
ESEQUIEL,MAN
ESSIE,MAN
ESTA,MAN
EVERTT,MAN
GARNER,MAN
GARNETT,MAN
GRAHAM,MAN
GREGG,MAN
HALBERT,MAN
HARVIE,MAN
HARVY,MAN
HUBBARD,MAN
JARED,MAN
JERE,MAN
JOESPH,MAN
JOHNATHAN,MAN
JULUIS,MAN
KIRBY,MAN
KYLE,MAN
LANE,MAN
LAWERENCE,MAN
LESS,MAN
LINWOOD,MAN
LOUISE,MAN
LOWELL,MAN
LOY,MAN
LUCY,MAN
MANLY,MAN
MANNIE,MAN
MARCEL,MAN
MARIUS,MAN
MARRION,MAN
MERCER,MAN
MONTE,MAN
MONTGOMERY,MAN
NOLAN,MAN
OKEY,MAN
PAGE,MAN
PHILO,MAN
PRIMUS,MAN
PROSPER,MAN
PRYOR,MAN
RENE,MAN
ROBIN,MAN
ROLL,MAN
SEWARD,MAN
SHANNON,MAN
TALMAGE,MAN
VAUGHN,MAN
VERNER,MAN
WAVERLY,MAN
WELDON,MAN
WELLS,MAN
WILIAM,MAN
WING,MAN
WOOD,MAN
WRIGHT,MAN
ADD,MAN
ADELARD,MAN
CLEVE,MAN
LINUS,MAN
MARTHA,MAN
REINHOLD,MAN
JUNIOR,MAN
ACE,MAN
ARMSTEAD,MAN
BENEDICT,MAN
BRICE,MAN
GIBSON,MAN
MAY,MAN
MILLS,MAN
ADOLFO,MAN
ALANZO,MAN
ANTOINE,MAN
ETHAN,MAN
EUSTACE,MAN
EWING,MAN
FERNAND,MAN
FISHER,MAN
GAIL,MAN
HARLAND,MAN
HILARY,MAN
HOSIE,MAN
LEMON,MAN
LORA,MAN
MARSH,MAN
NEWMAN,MAN
NICKOLAS,MAN
OLIE,MAN
PEARLEY,MAN
ROMAN,MAN
ROME,MAN
ROWLAND,MAN
SHELLY,MAN
VICENTE,MAN
WESTON,MAN
ALAN,MAN
ALBERTO,MAN
ALEXIS,MAN
AUGUSTE,MAN
BASCOM,MAN
CAMERON,MAN
CAMILLE,MAN
CLABE,MAN
COOPER,MAN
DOMINGO,MAN
ELWIN,MAN
EMILIO,MAN
FRENCH,MAN
GERHARD,MAN
HANSFORD,MAN
JARVIS,MAN
JOBE,MAN
JOSEPHUS,MAN
LANDON,MAN
LENNIE,MAN
LEONIDAS,MAN
LESLEY,MAN
LILLIAN,MAN
LINN,MAN
LITTLETON,MAN
LONE,MAN
MARGARITO,MAN
MATTIE,MAN
MELTON,MAN
OTT,MAN
RANDLE,MAN
SEABORN,MAN
SEVERT,MAN
STEWARD,MAN
SYLVANUS,MAN
THEADORE,MAN
THEOPHILE,MAN
VESTER,MAN
WENZEL,MAN
ALBY,MAN
ALCEE,MAN
ALMOND,MAN
ALVY,MAN
AMON,MAN
ANSEL,MAN
BAYARD,MAN
BENNY,MAN
BLUFORD,MAN
BOOKER,MAN
BURNETT,MAN
BURNEY,MAN
CASWELL,MAN
CLAUDIE,MAN
CONLEY,MAN
CORTEZ,MAN
DIONICIO,MAN
DONNIE,MAN
ELDRED,MAN
ELL,MAN
ELLERY,MAN
ELLWOOD,MAN
ELVA,MAN
EMMIT,MAN
ERLE,MAN
ESSEX,MAN
EWELL,MAN
EWIN,MAN
FABIAN,MAN
FLORENCIO,MAN
FREMONT,MAN
GAINES,MAN
GARNET,MAN
GAYLORD,MAN
GERMAN,MAN
GREENE,MAN
BRADY,MAN
FESTUS,MAN
JEWELL,MAN
ODELL,MAN
ROSCO,MAN
BERNICE,MAN
CHAUNCY,MAN
DELMER,MAN
EFFIE,MAN
ELLIE,MAN
JIMMY,MAN
LARS,MAN
MILAS,MAN
MINER,MAN
ROGERS,MAN
SARAH,MAN
WESS,MAN
WOODY,MAN
BRYAN,MAN
DOUGLASS,MAN
HILTON,MAN
IRVINE,MAN
ISIDOR,MAN
JEPTHA,MAN
MABEL,MAN
MALCOM,MAN
MELL,MAN
OLOF,MAN
ROBT,MAN
RONALD,MAN
SIMPSON,MAN
SPURGEON,MAN
TANDY,MAN
THURLOW,MAN
TOY,MAN
WINSTON,MAN
ZENO,MAN
ALPHONSUS,MAN
ALVAN,MAN
AMADO,MAN
ANANIAS,MAN
ANCEL,MAN
ATLAS,MAN
BANKS,MAN
BARRY,MAN
BLAKE,MAN
BLANCHARD,MAN
BOSE,MAN
CAPTAIN,MAN
CEASAR,MAN
CHANCE,MAN
CHANCEY,MAN
CHARLE,MAN
CLIDE,MAN
DINK,MAN
ELLA,MAN
EMETT,MAN
ERICK,MAN
ESTILL,MAN
FENTON,MAN
GALE,MAN
GAY,MAN
GROVE,MAN
HANSON,MAN
HARLIE,MAN
HARLOW,MAN
HASKELL,MAN
INGRAM,MAN
IVA,MAN
JEP,MAN
JOY,MAN
LESSIE,MAN
LILLIE,MAN
LINTON,MAN
LINZY,MAN
LITTLE,MAN
LONEY,MAN
LORING,MAN
LOVIE,MAN
LUTE,MAN
MACE,MAN
MATTHIAS,MAN
MEREDITH,MAN
BENJAMEN,MAN
JENS,MAN
OAKLEY,MAN
WHITNEY,MAN
DONACIANO,MAN
HAYWARD,MAN
LORAN,MAN
LOVE,MAN
SON,MAN
TOLLIE,MAN
VOLLIE,MAN
BONNIE,MAN
CATHERINE,MAN
EBENEZER,MAN
EWALD,MAN
HERB,MAN
JULIA,MAN
SILVESTER,MAN
STAFFORD,MAN
SULLIVAN,MAN
THURSTON,MAN
WAYMAN,MAN
WES,MAN
WINNIE,MAN
BURREL,MAN
CLEON,MAN
DOZIER,MAN
ELDEN,MAN
FULTON,MAN
HELMER,MAN
HILL,MAN
HJALMER,MAN
IGNATZ,MAN
KELLEY,MAN
MARLIN,MAN
MOODY,MAN
MYRTLE,MAN
NAMON,MAN
ODIN,MAN
ODIS,MAN
OLEY,MAN
OSBORN,MAN
OSIE,MAN
PRENTICE,MAN
PURL,MAN
ROBY,MAN
SHEP,MAN
SIMMIE,MAN
STANISLAUS,MAN
VANDER,MAN
ZOLLIE,MAN
ABB,MAN
AH,MAN
ALECK,MAN
BEECHER,MAN
BLAIN,MAN
BOWMAN,MAN
BUNK,MAN
BURGESS,MAN
CAROL,MAN
CHARLY,MAN
CLELL,MAN
CODY,MAN
LAMAR,MAN
WORLEY,MAN
ARLEY,MAN
NICOLAS,MAN
TERENCE,MAN
CLAIRE,MAN
EARLEY,MAN
ELZY,MAN
FIELDING,MAN
GERTRUDE,MAN
NORA,MAN
NORTON,MAN
CLEMENS,MAN
EARLIE,MAN
ELLEN,MAN
EPIFANIO,MAN
GLOVER,MAN
LARK,MAN
LAURANCE,MAN
LEIGH,MAN
BRAXTON,MAN
CLEAVE,MAN
COLON,MAN
CONSTANTINE,MAN
DOMINIC,MAN
EMILIANO,MAN
FLEET,MAN
FRANKLYN,MAN
HOBART,MAN
JOSEPHINE,MAN
LAVERNE,MAN
LILLARD,MAN
LIM,MAN
MERLIN,MAN
MILAN,MAN
NIM,MAN
NORBERT,MAN
NORTH,MAN
ORLAND,MAN
ORVIS,MAN
REASON,MAN
ROB,MAN
VIRGE,MAN
ZENAS,MAN
ADA,MAN
ALEJANDRO,MAN
ATHA,MAN
AUDIE,MAN
BOYCE,MAN
BRENT,MAN
BURDETTE,MAN
CASH,MAN
CHASE,MAN
CLIVE,MAN
COURTNEY,MAN
CRIS,MAN
DAWSON,MAN
DRURY,MAN
DUANE,MAN
ELON,MAN
ESTEVAN,MAN
FITZHUGH,MAN
FOUNT,MAN
GRAY,MAN
TERRENCE,MAN
BARTLEY,MAN
SHEDRICK,MAN
DIXIE,MAN
IGNACIO,MAN
MERL,MAN
NEHEMIAH,MAN
NORWOOD,MAN
RAPHAEL,MAN
RENO,MAN
RUDY,MAN
RUEBEN,MAN
SYLVAN,MAN
VIRGLE,MAN
CHARLS,MAN
COLE,MAN
ELBY,MAN
FERMAN,MAN
FERN,MAN
FLORIAN,MAN
FULLER,MAN
GORDEN,MAN
GUSSIE,MAN
HAM,MAN
HAZEL,MAN
IGNATIUS,MAN
JOAQUIN,MAN
LACEY,MAN
LAURIE,MAN
LILBURN,MAN
LOVELL,MAN
LOVETT,MAN
MALVIN,MAN
MANSON,MAN
PRATT,MAN
REID,MAN
RUFFIN,MAN
TOMIE,MAN
VINCE,MAN
WAYLAND,MAN
ACEY,MAN
ALGER,MAN
ALGERNON,MAN
AMASA,MAN
AMIL,MAN
BARRETT,MAN
BRITT,MAN
BURNS,MAN
CALHOUN,MAN
CHRISTY,MAN
CLETUS,MAN
COLBERT,MAN
COURTLAND,MAN
MYLES,MAN
IRL,MAN
BENSON,MAN
NORVAL,MAN
ARMOND,MAN
FRAZIER,MAN
THOMPSON,MAN
ALFREDO,MAN
GRADY,MAN
LORENZ,MAN
PEYTON,MAN
SELDON,MAN
ETHELBERT,MAN
EVA,MAN
GILMAN,MAN
HENRI,MAN
IVER,MAN
LAURA,MAN
LEONCE,MAN
MAMIE,MAN
ORION,MAN
OTTIE,MAN
RUDOLF,MAN
SELMER,MAN
SHEPHERD,MAN
YANCY,MAN
ABBIE,MAN
AGNES,MAN
ARNIE,MAN
ARVIN,MAN
BLANCHE,MAN
BLISS,MAN
CASSIE,MAN
DEWEY,MAN
DIEGO,MAN
DORR,MAN
EDMON,MAN
ESTES,MAN
GILFORD,MAN
GRAVES,MAN
HILLERY,MAN
LAUREL,MAN
CARLISLE,MAN
HUGHIE,MAN
ORVEL,MAN
ANGEL,MAN
HORTON,MAN
LENA,MAN
MARIE,MAN
WAYMON,MAN
ARNO,MAN
BURNIE,MAN
ELGIE,MAN
FANNIE,MAN
FELTON,MAN
KEITH,MAN
MAXIE,MAN
NILS,MAN
SIE,MAN
SONNY,MAN
VERE,MAN
VIRGIE,MAN
BENJMAN,MAN
BERNARDO,MAN
CASEY,MAN
CELESTINO,MAN
CEPHUS,MAN
DELLA,MAN
HART,MAN
HILLARY,MAN
HILMER,MAN
HOLLAND,MAN
JACQUES,MAN
JOHNY,MAN
JORDON,MAN
JULIEN,MAN
JULIO,MAN
KAY,MAN
LE,MAN
LEEROY,MAN
LISTON,MAN
LOTT,MAN
DOYLE,MAN
GERARD,MAN
ALFONZO,MAN
CARLIE,MAN
BRANCH,MAN
BUSH,MAN
ELGIN,MAN
FEDERICO,MAN
FRANZ,MAN
GOVERNOR,MAN
MAURY,MAN
NANCY,MAN
SALVATORE,MAN
WERNER,MAN
EDW,MAN
ERNESTO,MAN
FED,MAN
FOY,MAN
GALEN,MAN
GENIE,MAN
HJALMAR,MAN
LAWTON,MAN
LEVIN,MAN
LISH,MAN
PASCAL,MAN
POSEY,MAN
REDMOND,MAN
ROSENDO,MAN
TALMADGE,MAN
WINFORD,MAN
ABIE,MAN
ALTA,MAN
ALVER,MAN
ANATOLE,MAN
BOBBIE,MAN
BOONE,MAN
BUELL,MAN
CLAIBORNE,MAN
LOYAL,MAN
EDUARDO,MAN
MAGGIE,MAN
NEEDHAM,MAN
MANSFIELD,MAN
RAS,MAN
GUILFORD,MAN
SING,MAN
XAVIER,MAN
CHARLTON,MAN
EULA,MAN
MCKINLEY,MAN
POLK,MAN
SHELLIE,MAN
BENTLEY,MAN
CLAUDIUS,MAN
CONARD,MAN
CORNELL,MAN
ESTER,MAN
ESTHER,MAN
MAE,MAN
MILDRED,MAN
NEELY,MAN
OWENS,MAN
RANCE,MAN
RED,MAN
ROBBIE,MAN
SIGURD,MAN
TEDDY,MAN
VAL,MAN
ALMUS,MAN
SHERIDAN,MAN
LORIN,MAN
CARMINE,MAN
JONNIE,MAN
KENT,MAN
MURL,MAN
RICARDO,MAN
WILFRID,MAN
ADLAI,MAN
BUDDIE,MAN
BURK,MAN
DESSIE,MAN
EDISON,MAN
GIFFORD,MAN
GOLDIE,MAN
HURBERT,MAN
IVERSON,MAN
JOB,MAN
LEAMON,MAN
OLIVE,MAN
POWELL,MAN
REXFORD,MAN
ROMA,MAN
ROMIE,MAN
VICK,MAN
WALDEMAR,MAN
ZEBULON,MAN
ALFERD,MAN
ALGOT,MAN
ALPHONS,MAN
AUDLEY,MAN
BARNARD,MAN
BERKLEY,MAN
BETHEL,MAN
CAROLINE,MAN
CORBETT,MAN
RUTH,MAN
FIDEL,MAN
GUILLERMO,MAN
MURRY,MAN
REUBIN,MAN
ROCCO,MAN
SAMSON,MAN
WESTLEY,MAN
ALBA,MAN
IRENE,MAN
MURDOCK,MAN
NOLEN,MAN
ROYCE,MAN
RUEL,MAN
WILLAIM,MAN
BERYL,MAN
BEULAH,MAN
BURLEIGH,MAN
CARROL,MAN
CON,MAN
DILLON,MAN
EBERT,MAN
ENCARNACION,MAN
CEDRIC,MAN
ESTEL,MAN
MAYO,MAN
SHELLEY,MAN
THORWALD,MAN
DURWARD,MAN
LUSTER,MAN
ARNETT,MAN
AUBRA,MAN
AVON,MAN
BOLDEN,MAN
DANNIE,MAN
ELEX,MAN
FERRIS,MAN
JEFFIE,MAN
LEXIE,MAN
LINK,MAN
MOISES,MAN
MYER,MAN
CARLYLE,MAN
ARVEL,MAN
ERBY,MAN
FLOY,MAN
HUGHEY,MAN
OVID,MAN
ALSTON,MAN
AUDREY,MAN
BUDDY,MAN
CLEMMIE,MAN
CLEMON,MAN
DOROTHY,MAN
EINAR,MAN
GURNEY,MAN
HEBERT,MAN
HEZZIE,MAN
KURT,MAN
LOIS,MAN
LULA,MAN
MEARL,MAN
ODDIE,MAN
RAMSEY,MAN
VINTON,MAN
ZED,MAN
AUDY,MAN
BARNIE,MAN
DONAT,MAN
EMMONS,MAN
ERICH,MAN
ESLEY,MAN
ESTON,MAN
ROOSEVELT,MAN
HARTLEY,MAN
JENNINGS,MAN
HOBERT,MAN
MONTIE,MAN
RAE,MAN
ARVIL,MAN
CASIMER,MAN
ELWYN,MAN
EVANDER,MAN
GAITHER,MAN
GRAFTON,MAN
GUTHRIE,MAN
JETTIE,MAN
LANNIE,MAN
LEA,MAN
MOE,MAN
NESTOR,MAN
OVILA,MAN
REYNOLD,MAN
REYNOLDS,MAN
SUSIE,MAN
TRUE,MAN
ALWIN,MAN
CASIMIR,MAN
VERGIL,MAN
HAZEN,MAN
SIGMUND,MAN
SAINT,MAN
SILVER,MAN
EUGENIO,MAN
LISLE,MAN
MILBURN,MAN
CARMEN,MAN
ORRIS,MAN
RAYFORD,MAN
RAYMON,MAN
VIRGEL,MAN
ALOYS,MAN
CAM,MAN
HALE,MAN
NILE,MAN
OFFIE,MAN
OPAL,MAN
ROSA,MAN
WARDELL,MAN
WILLY,MAN
ACY,MAN
ARTHOR,MAN
BOYSIE,MAN
BRITTON,MAN
ORIS,MAN
GLADYS,MAN
GEORGIA,MAN
BRYON,MAN
ELVIE,MAN
FRANKIE,MAN
MARIO,MAN
PASQUALE,MAN
RHODA,MAN
ROSSIE,MAN
SHERWOOD,MAN
BUEL,MAN
CLEARENCE,MAN
DABNEY,MAN
DIAMOND,MAN
DORRIS,MAN
EVERET,MAN
EZELL,MAN
HOBSON,MAN
ADMIRAL,MAN
SHAFTER,MAN
MACEO,MAN
SCHLEY,MAN
EWART,MAN
PATSY,MAN
ARBA,MAN
ORVIL,MAN
ADAMS,MAN
COLLIER,MAN
GAYLE,MAN
GLADSTONE,MAN
HILARIO,MAN
KATHRYN,MAN
MICKEY,MAN
ODUS,MAN
VERNAL,MAN
VON,MAN
HAVEN,MAN
WILLIARD,MAN
STEPHAN,MAN
COLLIS,MAN
GRIFFITH,MAN
JETHRO,MAN
VIC,MAN
VIOLA,MAN
BAKER,MAN
BEATRICE,MAN
BYNUM,MAN
COLVIN,MAN
DORIS,MAN
ELIZAH,MAN
EUNICE,MAN
LEIGHTON,MAN
LINNIE,MAN
LIZZIE,MAN
ROSEVELT,MAN
FARRIS,MAN
LEMMIE,MAN
ESTELL,MAN
GOEBEL,MAN
TALLIE,MAN
ARLO,MAN
ARTIS,MAN
COLLIN,MAN
EDDY,MAN
HESTER,MAN
LAUREN,MAN
LUPE,MAN
OZIE,MAN
SALVADOR,MAN
SANTOS,MAN
SCHUYLER,MAN
ARTURO,MAN
DONOVAN,MAN
KERMIT,MAN
EINO,MAN
OLAN,MAN
DANNY,MAN
LOLA,MAN
ESCO,MAN
JOSEF,MAN
LANCE,MAN
LEONA,MAN
MATHEWS,MAN
OVA,MAN
PATE,MAN
REGIS,MAN
ROSARIO,MAN
VITO,MAN
ADRON,MAN
ANCIL,MAN
ARLAND,MAN
BUREN,MAN
ERLAND,MAN
JOHNEY,MAN
CLARNCE,MAN
GARVIN,MAN
AGUSTIN,MAN
NATHEN,MAN
ONEAL,MAN
VERNA,MAN
VICTORIANO,MAN
DOLL,MAN
GEORGIE,MAN
HEYWARD,MAN
IVOR,MAN
MYRL,MAN
BECKHAM,MAN
THEDORE,MAN
THELMA,MAN
TRINIDAD,MAN
VERL,MAN
EVELYN,MAN
HERSHELL,MAN
MARTY,MAN
ROBERTO,MAN
TEDDIE,MAN
TERRELL,MAN
HILBERT,MAN
LENON,MAN
LENORD,MAN
OZZIE,MAN
PORFIRIO,MAN
SAMMY,MAN
RAYFIELD,MAN
WAINO,MAN
CLEMENCE,MAN
HARM,MAN
JAMIE,MAN
VINCENZO,MAN
WELTON,MAN
ADRAIN,MAN
ARBIE,MAN
BETTY,MAN
BOBBY,MAN
DESMOND,MAN
DOMENIC,MAN
DUARD,MAN
RAUL,MAN
SEVERO,MAN
TOBIE,MAN
COUNCIL,MAN
DOMENICK,MAN
DARREL,MAN
GRAYDON,MAN
FREDIE,MAN
ELIOT,MAN
HOKE,MAN
PAULINE,MAN
TYREE,MAN
ARNE,MAN
BELL,MAN
CARLO,MAN
HANSEL,MAN
JILES,MAN
LEONARDO,MAN
QUENTIN,MAN
TOBY,MAN
VERLIN,MAN
WINTHROP,MAN
DOMENICO,MAN
HARROLD,MAN
LUCILLE,MAN
RYAN,MAN
BENARD,MAN
QUINTON,MAN
RODOLFO,MAN
ARMANDO,MAN
DELMAS,MAN
DENZIL,MAN
LUCIANO,MAN
LYNDON,MAN
VERA,MAN
TAFT,MAN
DELPHIN,MAN
RODGER,MAN
WOODROW,MAN
BURNICE,MAN
GIOVANNI,MAN
AMERICO,MAN
ARDELL,MAN
DELMUS,MAN
GILMER,MAN
LUCIO,MAN
MARIANO,MAN
OGDEN,MAN
OLAND,MAN
PRENTISS,MAN
SAMIE,MAN
HADLEY,MAN
FRANCESCO,MAN
TOIVO,MAN
ROBLEY,MAN
VERLE,MAN
FARRELL,MAN
NATHANIAL,MAN
REYES,MAN
ELEANOR,MAN
EMMANUEL,MAN
ESKER,MAN
FLORENTINO,MAN
GAETANO,MAN
LEVIE,MAN
GUIDO,MAN
AURELIO,MAN
CURTISS,MAN
OTHEL,MAN
SANTO,MAN
HARRELL,MAN
LENWOOD,MAN
LEOPOLDO,MAN
DANTE,MAN
ANN,MAN
HALLEY,MAN
REINO,MAN
CARMELO,MAN
WYMAN,MAN
SILVIO,MAN
COLIE,MAN
ALFONSE,MAN
ALDO,MAN
AMERIGO,MAN
ENRICO,MAN
GASPER,MAN
ATTILIO,MAN
WOODROE,MAN
NUNZIO,MAN
BURNELL,MAN
ERLING,MAN
GILBERTO,MAN
GLENDON,MAN
LARUE,MAN
MASAO,MAN
NEVIN,MAN
ARMIN,MAN
TYRUS,MAN
KENDALL,MAN
GAROLD,MAN
GENNARO,MAN
COSMO,MAN
LUIGI,MAN
HYMEN,MAN
DONATO,MAN
MELBOURNE,MAN
MERWIN,MAN
WINTON,MAN
GINO,MAN
GLENWOOD,MAN
GENO,MAN
GLYNN,MAN
NELLO,MAN
DURWOOD,MAN
GILMORE,MAN
SAVERIO,MAN
GARTH,MAN
HIROSHI,MAN
ARLIN,MAN
YOSHIO,MAN
ARVO,MAN
DEWARD,MAN
HUGHES,MAN
TATSUO,MAN
JERALD,MAN
ZIGMUND,MAN
GERHARDT,MAN
LYNWOOD,MAN
BERLIN,MAN
MERLYN,MAN
PERSHING,MAN
HIDEO,MAN
NORMAND,MAN
ORVIN,MAN
JOYCE,MAN
MINORU,MAN
FOCH,MAN
BRYCE,MAN
CARMEL,MAN
MARCO,MAN
WINIFRED,MAN
EDSEL,MAN
QUINTEN,MAN
KIYOSHI,MAN
THERMAN,MAN
KAZUO,MAN
METRO,MAN
LADDIE,MAN
HARDING,MAN
KENNITH,MAN
ELOY,MAN
DARYL,MAN
RAYBURN,MAN
JON,MAN
DEWAYNE,MAN
MARCOS,MAN
KEVIN,MAN
HARDEN,MAN
DELTON,MAN
REYNALDO,MAN
DONAL,MAN
TOSHIO,MAN
DWAYNE,MAN
ZANE,MAN
LUVERNE,MAN
JACKIE,MAN
RAMIRO,MAN
HARLEN,MAN
DEANE,MAN
DWAIN,MAN
BORIS,MAN
DORMAN,MAN
COOLIDGE,MAN
REFUGIO,MAN
DAROLD,MAN
DONN,MAN
FAUSTINO,MAN
BRIAN,MAN
MELVYN,MAN
ESTEBAN,MAN
FREDDY,MAN
VIRGINIA,MAN
MARLYN,MAN
KEN,MAN
DWAINE,MAN
GEARLD,MAN
VALENTINO,MAN
LINDY,MAN
LINDBERGH,MAN
SHOJI,MAN
DENNY,MAN
GONZALO,MAN
JORGE,MAN
JERROLD,MAN
AKIRA,MAN
MARIA,MAN
HOOVER,MAN
JEROLD,MAN
ARLEN,MAN
RONNIE,MAN
MARCELINO,MAN
VERLYN,MAN
ISMAEL,MAN
FIDENCIO,MAN
DOLORES,MAN
ADAN,MAN
DAVEY,MAN
DERALD,MAN
BARBARA,MAN
HUMBERTO,MAN
JOAN,MAN
SHERWIN,MAN
LAVON,MAN
DUWAYNE,MAN
GENARO,MAN
KENNY,MAN
ROGELIO,MAN
ROLF,MAN
ARNULFO,MAN
GERRY,MAN
DERL,MAN
GEROLD,MAN
ARLAN,MAN
PATRICIA,MAN
DINO,MAN
WALLY,MAN
MERVYN,MAN
ALLYN,MAN
MONTY,MAN
DICKIE,MAN
JAN,MAN
ARLIS,MAN
KAYE,MAN
KENTON,MAN
SHERRILL,MAN
DARL,MAN
RAYMUNDO,MAN
DELANO,MAN
TERRANCE,MAN
RONNY,MAN
CHUCK,MAN
ORLIN,MAN
GLORIA,MAN
DARRYL,MAN
MARC,MAN
SAL,MAN
STAN,MAN
CORDELL,MAN
DARVIN,MAN
DERRELL,MAN
JAME,MAN
JACKY,MAN
LANNY,MAN
RON,MAN
MARLAND,MAN
ARLYN,MAN
JERRELL,MAN
JEFFREY,MAN
VALENTIN,MAN
KERRY,MAN
FERRELL,MAN
GAYLON,MAN
JERREL,MAN
DARWYN,MAN
DWANE,MAN
RANDY,MAN
IAN,MAN
DELWIN,MAN
GUSTAVO,MAN
VERLON,MAN
VERNELL,MAN
DELMA,MAN
WINDELL,MAN
KIM,MAN
ERROL,MAN
REGGIE,MAN
GEOFFREY,MAN
MEL,MAN
SERGIO,MAN
DEL,MAN
DONNELL,MAN
TYRONE,MAN
SHARON,MAN
DONNY,MAN
DOUG,MAN
MARILYN,MAN
CAROLYN,MAN
DELVIN,MAN
JANET,MAN
LEVON,MAN
OZELL,MAN
GAYLEN,MAN
LAMONT,MAN
TEX,MAN
LONNY,MAN
AUTRY,MAN
RONDAL,MAN
RANDAL,MAN
DION,MAN
GREG,MAN
SANDRA,MAN
JUDITH,MAN
SCOTTY,MAN
RONAL,MAN
JEFFERY,MAN
RANDELL,MAN
JOEY,MAN
NICKY,MAN
LEONEL,MAN
HARLON,MAN
LAWRANCE,MAN
LINDA,MAN
BARRIE,MAN
DARNELL,MAN
ISIDRO,MAN
WILKIE,MAN
RICK,MAN
RICKY,MAN
DONNA,MAN
JANICE,MAN
JAVIER,MAN
WENDEL,MAN
ERIK,MAN
LINDELL,MAN
JUDY,MAN
JEFFRY,MAN
KAREN,MAN
BRENDAN,MAN
DARELL,MAN
MCARTHUR,MAN
MACARTHUR,MAN
RICKEY,MAN
ROD,MAN
NILES,MAN
JEREMY,MAN
SUSAN,MAN
WALT,MAN
LARY,MAN
JAIME,MAN
NOE,MAN
ROCKY,MAN
DEREK,MAN
LES,MAN
TERRILL,MAN
RUSS,MAN
TIMMY,MAN
BUTCH,MAN
SEAN,MAN
LINDEN,MAN
RODDY,MAN
RICKIE,MAN
LENNY,MAN
RUSTY,MAN
DANE,MAN
GEARY,MAN
EUSEBIO,MAN
GAREY,MAN
LUCKY,MAN
GERARDO,MAN
GIL,MAN
RICHIE,MAN
CARNELL,MAN
CHAD,MAN
HANK,MAN
DORIAN,MAN
ROLANDO,MAN
KIP,MAN
MIKEL,MAN
JONATHON,MAN
STEVAN,MAN
KRIS,MAN
JODY,MAN
LYN,MAN
ZACHARY,MAN
BRETT,MAN
PATRIC,MAN
RORY,MAN
RAND,MAN
ROBBY,MAN
CORNEL,MAN
SHAWN,MAN
SKIP,MAN
RANDEL,MAN
JED,MAN
DIRK,MAN
BROCK,MAN
DERYL,MAN
STEVIE,MAN
DERRICK,MAN
JEREL,MAN
CESAR,MAN
BARON,MAN
KATHLEEN,MAN
STEFAN,MAN
DONELL,MAN
COREY,MAN
KELVIN,MAN
EZZARD,MAN
TOD,MAN
SHAUN,MAN
BRANT,MAN
SCOT,MAN
EFRAIN,MAN
STACEY,MAN
BRANDON,MAN
MARLON,MAN
JORY,MAN
LAYNE,MAN
DANNIEL,MAN
MICHIAL,MAN
RITCHIE,MAN
EDWARDO,MAN
KIMBERLY,MAN
RICKI,MAN
KURTIS,MAN
CORY,MAN
DEBORAH,MAN
SCOTTIE,MAN
ERASMO,MAN
RUDOLFO,MAN
LEX,MAN
RODRICK,MAN
DARYLE,MAN
GREGGORY,MAN
DARREN,MAN
MIKEAL,MAN
TRENT,MAN
MICHAL,MAN
THEODIS,MAN
DAMIAN,MAN
KIMBALL,MAN
MICHALE,MAN
WILFREDO,MAN
SHANE,MAN
ROBBIN,MAN
KRAIG,MAN
KIRT,MAN
CHIP,MAN
RANDOLF,MAN
BRET,MAN
ANTONY,MAN
BRADLY,MAN
FARON,MAN
BLAISE,MAN
ALVARO,MAN
RICCI,MAN
DUSTY,MAN
DEBRA,MAN
ROCK,MAN
KEVEN,MAN
GAVIN,MAN
KEVAN,MAN
BLANE,MAN
DEMETRIUS,MAN
RAHN,MAN
BARRON,MAN
HERIBERTO,MAN
JUDE,MAN
LEVERN,MAN
DARCY,MAN
MICKY,MAN
KENNARD,MAN
DAVY,MAN
TAD,MAN
RHETT,MAN
TY,MAN
MITCH,MAN
JEFFEREY,MAN
DANN,MAN
TIMMOTHY,MAN
BRODERICK,MAN
DERWIN,MAN
CHET,MAN
QUINTIN,MAN
TIMMIE,MAN
TAB,MAN
TRACEY,MAN
JACE,MAN
KEM,MAN
BRION,MAN
ANDREA,MAN
CYNTHIA,MAN
KENNTH,MAN
RENALDO,MAN
DESI,MAN
RENARD,MAN
TREVOR,MAN
KENNEY,MAN
BRIEN,MAN
CHEYENNE,MAN
DERICK,MAN
ROBB,MAN
DEVIN,MAN
KERWIN,MAN
GRAYLING,MAN
QUINN,MAN
WAYDE,MAN
MAVERICK,MAN
TOBIN,MAN
KRISTOPHER,MAN
KEENAN,MAN
DIANE,MAN
CHERYL,MAN
REINALDO,MAN
JAMEY,MAN
DARRIN,MAN
FLINT,MAN
DARIN,MAN
DAREN,MAN
EFREM,MAN
KIETH,MAN
MICAH,MAN
ANDRA,MAN
CHAIM,MAN
RAYNARD,MAN
LEIF,MAN
KENNEDY,MAN
LISA,MAN
DARRICK,MAN
DARRY,MAN
ROEL,MAN
DARRON,MAN
DARRYLE,MAN
STEPHON,MAN
DARRYLL,MAN
BRENDA,MAN
DEVON,MAN
ARNOLDO,MAN
KORY,MAN
REGAN,MAN
BROOK,MAN
SHAYNE,MAN
LORNE,MAN
PARRISH,MAN
DRAKE,MAN
NORBERTO,MAN
KALVIN,MAN
PERNELL,MAN
MARKUS,MAN
THOR,MAN
OSVALDO,MAN
ANIBAL,MAN
DARON,MAN
DEON,MAN
EDGARDO,MAN
GEOFF,MAN
TAMMY,MAN
JAYSON,MAN
RODRIGO,MAN
TYRON,MAN
DWYANE,MAN
STONEY,MAN
TAL,MAN
JAIMIE,MAN
TRENTON,MAN
ANDREAS,MAN
VINSON,MAN
PAMELA,MAN
ERIN,MAN
MAURICIO,MAN
RIGOBERTO,MAN
RODERIC,MAN
DESTRY,MAN
DERON,MAN
FITZGERALD,MAN
QUINT,MAN
KIPP,MAN
TREY,MAN
KENDRICK,MAN
DERIC,MAN
TERANCE,MAN
ANTONIA,MAN
SHON,MAN
DARYN,MAN
DARIEN,MAN
DARRYN,MAN
TRACE,MAN
DARIAN,MAN
DARIO,MAN
CHADWICK,MAN
BRAIN,MAN
REGINAL,MAN
HEATH,MAN
JARROD,MAN
MICHELLE,MAN
ILLYA,MAN
BRENTON,MAN
MICHELE,MAN
DYLAN,MAN
EFREN,MAN
ARRON,MAN
TYSON,MAN
CEDRICK,MAN
DERECK,MAN
BRENNAN,MAN
JERROD,MAN
GARRICK,MAN
JENNIFER,MAN
ANGELA,MAN
CLAUDIO,MAN
DERIK,MAN
OCTAVIO,MAN
ALFIE,MAN
BRENDON,MAN
KRISTIAN,MAN
SHAD,MAN
ARIEL,MAN
LIAM,MAN
TINA,MAN
BEAU,MAN
GIUSEPPE,MAN
FRANCO,MAN
DUSTIN,MAN
JAMAL,MAN
DAMIEN,MAN
WAYLON,MAN
COLBY,MAN
DAMION,MAN
BRENDEN,MAN
KOREY,MAN
TYE,MAN
RICO,MAN
DARBY,MAN
MELISSA,MAN
ANTHONEY,MAN
JADE,MAN
LAMONTE,MAN
SHAN,MAN
JOHNATHON,MAN
TORY,MAN
TREVER,MAN
LAZARO,MAN
JEMAL,MAN
JAMISON,MAN
ARIC,MAN
ARI,MAN
DONAVAN,MAN
TORREY,MAN
TORRANCE,MAN
SHANON,MAN
CHANDLER,MAN
ALI,MAN
CORWIN,MAN
AMY,MAN
JAMESON,MAN
DEMETRIOS,MAN
JASEN,MAN
DAVIN,MAN
CALE,MAN
JERMAINE,MAN
MALIK,MAN
JEROMY,MAN
JAMMIE,MAN
CHE,MAN
BRONSON,MAN
DAX,MAN
BRANDT,MAN
KENYATTA,MAN
ANTIONE,MAN
LARON,MAN
ANTWAN,MAN
BRANDEN,MAN
DEDRIC,MAN
JAYME,MAN
KELSEY,MAN
TORRENCE,MAN
SHEA,MAN
KENYON,MAN
KRISTIN,MAN
SHAY,MAN
CORBIN,MAN
CRISTOPHER,MAN
JERAMY,MAN
BRADEN,MAN
KENYA,MAN
DEDRICK,MAN
TATE,MAN
GERMAINE,MAN
NIGEL,MAN
JEROD,MAN
CHRISTOPER,MAN
CHADD,MAN
JAROD,MAN
TRISTAN,MAN
BRANNON,MAN
JEREMEY,MAN
DEANDRE,MAN
KILEY,MAN
DONAVON,MAN
SEDRICK,MAN
HASSAN,MAN
JAMEL,MAN
JERAMIE,MAN
MARCELO,MAN
COBY,MAN
DESHAWN,MAN
TORIANO,MAN
KWAME,MAN
KASEY,MAN
DEMIAN,MAN
KRISTOFER,MAN
PAULO,MAN
DONTE,MAN
JARRED,MAN
DEMOND,MAN
KAREEM,MAN
VIDAL,MAN
ZACHARIAH,MAN
JAMAR,MAN
ABDUL,MAN
JERMAIN,MAN
TREMAYNE,MAN
JEREMIE,MAN
MARLO,MAN
LASHAWN,MAN
BRANDY,MAN
JOSUE,MAN
JABBAR,MAN
KRISTOFFER,MAN
DIALLO,MAN
TITO,MAN
DAMOND,MAN
NICOLE,MAN
DAMEON,MAN
RAHSAAN,MAN
NATHANAEL,MAN
ABELARDO,MAN
CADE,MAN
VASHON,MAN
TAURUS,MAN
CHADRICK,MAN
TARIK,MAN
MARCELLO,MAN
DOMINIQUE,MAN
DONTA,MAN
MOSHE,MAN
ZACHERY,MAN
JEVON,MAN
STEPHANIE,MAN
NAKIA,MAN
TELLY,MAN
AHMAD,MAN
JAMIL,MAN
TOMA,MAN
TRINITY,MAN
JEREME,MAN
DEJUAN,MAN
JABARI,MAN
AHMED,MAN
HEATHER,MAN
DEMARCUS,MAN
ANTWON,MAN
JERED,MAN
RASHAD,MAN
KRISTEN,MAN
MAURO,MAN
BENJI,MAN
TAVARES,MAN
MARQUES,MAN
RASHEED,MAN
JERAD,MAN
CORRY,MAN
CRISTOBAL,MAN
DEANGELO,MAN
KARIM,MAN
SHARIF,MAN
DEMARCO,MAN
KAREEN,MAN
REBECCA,MAN
RAHEEM,MAN
JAMAAL,MAN
JOVAN,MAN
SENECA,MAN
JERMEY,MAN
TOREY,MAN
HAKIM,MAN
CORTNEY,MAN
JAMIN,MAN
JAVON,MAN
ZACKARY,MAN
EZEQUIEL,MAN
JERIMY,MAN
MUHAMMAD,MAN
JAMEEL,MAN
BRODY,MAN
JARON,MAN
DIMITRIOS,MAN
TAJ,MAN
TANNER,MAN
TORRY,MAN
AMIR,MAN
LEVAR,MAN
LAVAR,MAN
KUNTA,MAN
JEDEDIAH,MAN
JERIMIAH,MAN
KINTE,MAN
RASHAWN,MAN
JERAMIAH,MAN
JESSICA,MAN
JEDIDIAH,MAN
AMIN,MAN
RIAN,MAN
CONOR,MAN
LYDELL,MAN
DAVON,MAN
KALEB,MAN
SAMIR,MAN
ZACKERY,MAN
KHALID,MAN
BO,MAN
CRISTIAN,MAN
DEMETRIC,MAN
HORACIO,MAN
ANWAR,MAN
NICHOLAUS,MAN
KENJI,MAN
NIKOLAS,MAN
DEMARIO,MAN
JOHNPAUL,MAN
NICKLAUS,MAN
JARRET,MAN
KODY,MAN
ANTWAIN,MAN
DEQUAN,MAN
LUKAS,MAN
CHRISTINA,MAN
DESHAUN,MAN
JUSTON,MAN
HASAN,MAN
JEB,MAN
AMANDA,MAN
ANDRAE,MAN
KENDELL,MAN
TUCKER,MAN
KEON,MAN
GARETT,MAN
AMIT,MAN
OMARI,MAN
TYRELL,MAN
MOHAMMAD,MAN
BRYSON,MAN
TYREL,MAN
TREMAINE,MAN
JARRAD,MAN
RUSTIN,MAN
KAI,MAN
JUSTEN,MAN
KEEGAN,MAN
CHAZ,MAN
YOEL,MAN
JARAD,MAN
JESSY,MAN
BJORN,MAN
BRANDAN,MAN
DUSTAN,MAN
ISAIAS,MAN
KELLEN,MAN
SKYLER,MAN
MARCHELLO,MAN
MOHAMMED,MAN
JOHATHAN,MAN
ADALBERTO,MAN
CONNOR,MAN
DONTAE,MAN
TAUREAN,MAN
SKYLAR,MAN
MOHAMED,MAN
COLT,MAN
KIEL,MAN
COLTON,MAN
ELIEZER,MAN
DARRIUS,MAN
TUAN,MAN
HUNG,MAN
LONG,MAN
LAMARCUS,MAN
JUSTINE,MAN
HUY,MAN
AKEEM,MAN
CASSIDY,MAN
DEVAN,MAN
MARTELL,MAN
REMINGTON,MAN
JACOBY,MAN
JAKOB,MAN
TRUMAINE,MAN
MARQUISE,MAN
DEVEN,MAN
CRYSTAL,MAN
RYNE,MAN
COTY,MAN
GRAYSON,MAN
JERRAD,MAN
JARRELL,MAN
BABY,MAN
BRANDIN,MAN
ALONSO,MAN
DANIELLE,MAN
TAVON,MAN
TRAVON,MAN
DEONTE,MAN
RACHEL,MAN
KAMERON,MAN
TAVARIS,MAN
TYLOR,MAN
JAIRO,MAN
DURELL,MAN
DURRELL,MAN
CHANNING,MAN
JAYMES,MAN
DAKOTA,MAN
KEATON,MAN
ULISES,MAN
BRANDYN,MAN
MACKENZIE,MAN
MAXIMILIAN,MAN
URIEL,MAN
TERELL,MAN
KALE,MAN
DANDRE,MAN
KOLBY,MAN
JOSHUAH,MAN
MARTEZ,MAN
RAYSHAWN,MAN
DANGELO,MAN
DERREK,MAN
CORDERO,MAN
JAYCE,MAN
YAAKOV,MAN
KYLER,MAN
ALEXANDRO,MAN
ZECHARIAH,MAN
GIANCARLO,MAN
GARRISON,MAN
SPENSER,MAN
AUSTEN,MAN
PAYTON,MAN
KALEN,MAN
KANE,MAN
MYCHAL,MAN
CONNER,MAN
CORDARO,MAN
DASHAWN,MAN
HOLDEN,MAN
OCTAVIUS,MAN
RASHAAD,MAN
MONTRELL,MAN
JAREN,MAN
JOSELUIS,MAN
TREVIN,MAN
BRENNEN,MAN
KEGAN,MAN
CAMRON,MAN
COLTEN,MAN
CODEY,MAN
ARSENIO,MAN
JAQUAN,MAN
GERALDO,MAN
KELBY,MAN
JAMARCUS,MAN
MARQUEZ,MAN
DOMINQUE,MAN
BRITTANY,MAN
RIDGE,MAN
MIKHAIL,MAN
BRANTLEY,MAN
NICO,MAN
KADE,MAN
ALEXANDRE,MAN
CHRISTOP,MAN
INFANT,MAN
ALEXANDE,MAN
HAKEEM,MAN
KADEEM,MAN
GAGE,MAN
KHIRY,MAN
JASMINE,MAN
DAQUAN,MAN
NIKO,MAN
RAKEEM,MAN
NIKKO,MAN
DIONTE,MAN
SAMANTHA,MAN
DARION,MAN
KENDAL,MAN
KIARA,MAN
TIFFANY,MAN
KHALIL,MAN
NAJEE,MAN
LADARIUS,MAN
STETSON,MAN
YOSEF,MAN
TREVON,MAN
DIMITRI,MAN
TEVIN,MAN
DENZEL,MAN
MALE,MAN
LAQUAN,MAN
KIEFER,MAN
JORDEN,MAN
IBRAHIM,MAN
MYKEL,MAN
KEVON,MAN
ZAKARY,MAN
AIDAN,MAN
TALON,MAN
CODIE,MAN
HERNAN,MAN
CAMDEN,MAN
DEONTAE,MAN
KEENEN,MAN
MISAEL,MAN
DEVONTE,MAN
SAGE,MAN
DILLAN,MAN
GUNNAR,MAN
SHAQUILLE,MAN
DILLION,MAN
DYLON,MAN
STORM,MAN
DOMONIQUE,MAN
CODI,MAN
JALEEL,MAN
DAVION,MAN
BRAYDEN,MAN
DENZELL,MAN
DEVANTE,MAN
DIJON,MAN
KEIFER,MAN
TARIQ,MAN
BABYBOY,MAN
SAWYER,MAN
DESEAN,MAN
DEONTA,MAN
KOLTON,MAN
JUSTYN,MAN
UNNAMED,MAN
DEJON,MAN
BILAL,MAN
DEANTE,MAN
JALEN,MAN
TRE,MAN
DAVONTE,MAN
DEVONTA,MAN
JAVONTE,MAN
DEVONTAE,MAN
DEION,MAN
DEMETRI,MAN
DAVANTE,MAN
DYLLAN,MAN
TRAE,MAN
DONDRE,MAN
TAYLER,MAN
CADEN,MAN
DAKOTAH,MAN
MONTEL,MAN
DAVONTA,MAN
DALVIN,MAN
TYSHAWN,MAN
MAXIMILLIAN,MAN
JUWAN,MAN
TYQUAN,MAN
KIERAN,MAN
COLTER,MAN
JAYLEN,MAN
DEVYN,MAN
SAVON,MAN
DEONDRE,MAN
DARRIAN,MAN
DALLIN,MAN
JORDY,MAN
MIKAL,MAN
ADONIS,MAN
KELTON,MAN
SHAQUAN,MAN
DEVAUGHN,MAN
DARRIEN,MAN
AUSTYN,MAN
KADEN,MAN
DARRION,MAN
FREDY,MAN
MONTANA,MAN
KOLE,MAN
SYED,MAN
DEMONTE,MAN
DAKODA,MAN
JADEN,MAN
KEANU,MAN
JAYLON,MAN
DAULTON,MAN
SHYHEIM,MAN
MARKELL,MAN
MENACHEM,MAN
MARKEL,MAN
JAYDEN,MAN
KHARI,MAN
TRAYVON,MAN
GUNNER,MAN
AUSTON,MAN
CAIN,MAN
JAYLIN,MAN
RIVER,MAN
ALEK,MAN
DESTIN,MAN
TYRIN,MAN
RYDER,MAN
ARMANI,MAN
KAHLIL,MAN
BRYTON,MAN
JONATAN,MAN
TRISTEN,MAN
TRISTON,MAN
RAEKWON,MAN
TRISTIN,MAN
ANFERNEE,MAN
DRAVEN,MAN
ROMELLO,MAN
STONE,MAN
TRISTIAN,MAN
EASTON,MAN
TREYVON,MAN
AIDEN,MAN
RASHAAN,MAN
ROHAN,MAN
KILLIAN,MAN
PHOENIX,MAN
GREYSON,MAN
LATRELL,MAN
BRENNON,MAN
SEAMUS,MAN
ISAI,MAN
BRANSON,MAN
DAMARCUS,MAN
MATEO,MAN
KESHAWN,MAN
KEYSHAWN,MAN
TRYSTAN,MAN
BRAEDEN,MAN
BRAYAN,MAN
SHAMAR,MAN
KEION,MAN
RAQUAN,MAN
JAIR,MAN
BRAYDON,MAN
SHEMAR,MAN
REILLY,MAN
REAGAN,MAN
JAYLAN,MAN
NASIR,MAN
ABDULLAH,MAN
DOMINIK,MAN
KEAGAN,MAN
KORDELL,MAN
KOBE,MAN
GIANNI,MAN
JARET,MAN
KOBY,MAN
NASH,MAN
RYLAN,MAN
JAXON,MAN
GIOVANNY,MAN
RONALDO,MAN
COLETON,MAN
AMARI,MAN
JARETT,MAN
KEYON,MAN
PAXTON,MAN
LANDEN,MAN
RAVEN,MAN
JAMARI,MAN
JOVANI,MAN
JOVANNY,MAN
KEANDRE,MAN
KENAN,MAN
JAJUAN,MAN
RYLEY,MAN
NIKHIL,MAN
TYRESE,MAN
TYREK,MAN
ZION,MAN
DECLAN,MAN
SAVION,MAN
KAMRON,MAN
JADON,MAN
TYRIQUE,MAN
TAHJ,MAN
TYRIQ,MAN
TYREEK,MAN
IZAIAH,MAN
TAVIAN,MAN
JACQUEZ,MAN
ALESSANDRO,MAN
KYREE,MAN
TYRIK,MAN
JORDI,MAN
JALON,MAN
MEKHI,MAN
JELANI,MAN
MATTEO,MAN
JOHAN,MAN
HAMZA,MAN
BRYCEN,MAN
JOVANY,MAN
MIGUELANGEL,MAN
JENSEN,MAN
RAHUL,MAN
CHRISTION,MAN
JUDAH,MAN
KONNOR,MAN
KYLAN,MAN
JAIDEN,MAN
TYREKE,MAN
CAYDEN,MAN
JETT,MAN
ZAIRE,MAN
JAYDON,MAN
KORBIN,MAN
TYREESE,MAN
BRAEDON,MAN
JAXSON,MAN
XANDER,MAN
CAMREN,MAN
SEMAJ,MAN
EAN,MAN
GAVEN,MAN
KARSON,MAN
TREVION,MAN
AYDEN,MAN
REY,MAN
TAVION,MAN
BRAIDEN,MAN
KADIN,MAN
ARMAN,MAN
ADITYA,MAN
ROWAN,MAN
BRIDGER,MAN
KAYDEN,MAN
ELIAN,MAN
LUCA,MAN
FINN,MAN
KAIDEN,MAN
SINCERE,MAN
MAXIMUS,MAN
XZAVIER,MAN
BLAZE,MAN
GAIGE,MAN
LONDON,MAN
KESHAUN,MAN
SABASTIAN,MAN
KAVON,MAN
KIAN,MAN
BRODIE,MAN
JAEDEN,MAN
JAVION,MAN
JAMIR,MAN
MAXIM,MAN
ALEXZANDER,MAN
KAMREN,MAN
ZANDER,MAN
DAYNE,MAN
ISAAK,MAN
JAHEIM,MAN
JAGGER,MAN
OSWALDO,MAN
RONAN,MAN
HADEN,MAN
JADYN,MAN
IMMANUEL,MAN
ALIJAH,MAN
JAKOBE,MAN
IMANOL,MAN
JORDYN,MAN
ZAIN,MAN
YUSUF,MAN
GAVYN,MAN
PRANAV,MAN
YEHUDA,MAN
DAUNTE,MAN
CAIDEN,MAN
ARJUN,MAN
JAHIEM,MAN
ZAVIER,MAN
MUSTAFA,MAN
RYLEE,MAN
GIOVANI,MAN
JOVANNI,MAN
OMARION,MAN
YAHIR,MAN
AMARION,MAN
GAEL,MAN
CAEL,MAN
TREYTON,MAN
ARYAN,MAN
JAHEEM,MAN
MALAKAI,MAN
JAVEN,MAN
LISANDRO,MAN
SANTINO,MAN
ADRIEL,MAN
ETHEN,MAN
LUC,MAN
MAXIMO,MAN
CASON,MAN
GANNON,MAN
JAQUEZ,MAN
BRADYN,MAN
JASE,MAN
ZAYNE,MAN
OSBALDO,MAN
MADDOX,MAN
JAMARION,MAN
YAIR,MAN
AYDAN,MAN
KONNER,MAN
DAMARION,MAN
JAHIR,MAN
ENZO,MAN
CANNON,MAN
KAMARI,MAN
KAEDEN,MAN
RYKER,MAN
SOREN,MAN
MORDECHAI,MAN
CRISTOFER,MAN
RYLAND,MAN
ZAID,MAN
ARNAV,MAN
CANYON,MAN
KANYE,MAN
KYAN,MAN
COHEN,MAN
BRAYLON,MAN
DAVIAN,MAN
JAIDYN,MAN
DEMARION,MAN
LANDYN,MAN
LUKA,MAN
BRAULIO,MAN
ANDON,MAN
AYDIN,MAN
MATIAS,MAN
JAYDIN,MAN
DEACON,MAN
TEAGAN,MAN
KAMDEN,MAN
MALAKI,MAN
KODA,MAN
RHYS,MAN
HAIDEN,MAN
TAYSHAUN,MAN
JAYVON,MAN
TRENTEN,MAN
RISHI,MAN
KASON,MAN
TALAN,MAN
AMARE,MAN
MAKAI,MAN
BRAYLEN,MAN
KADYN,MAN
LEANDRO,MAN
AEDAN,MAN
FINNEGAN,MAN
KARTER,MAN
DAMARI,MAN
MESSIAH,MAN
MAKHI,MAN
CAMRYN,MAN
GAUGE,MAN
JAX,MAN
ADIN,MAN
KRISH,MAN
YANDEL,MAN
BECKETT,MAN
KAEL,MAN
BODE,MAN
KOEN,MAN
ZAYDEN,MAN
SANTANA,MAN
LANDIN,MAN
TALEN,MAN
KASEN,MAN
AIDYN,MAN
JASIAH,MAN
MEMPHIS,MAN
KINGSTON,MAN
LANDAN,MAN
CASE,MAN
COEN,MAN
IZAYAH,MAN
ANDERS,MAN
BROGAN,MAN
MADDEN,MAN
SLADE,MAN
KELLAN,MAN
JAYDAN,MAN
NERY,MAN
RAYAN,MAN
DEREON,MAN
YAEL,MAN
RAIDEN,MAN
NIKOLAI,MAN
YUREM,MAN
LYRIC,MAN
KELAN,MAN
TEGAN,MAN
KAMRYN,MAN
JAYVION,MAN
RONIN,MAN
DAXTON,MAN
AADEN,MAN
CHACE,MAN
MARLEY,MAN
KASH,MAN
KYMANI,MAN
ISHAAN,MAN
JADIEL,MAN
URIJAH,MAN
EDEN,MAN
ZAIDEN,MAN
AYAAN,MAN
AARAV,MAN
TRIPP,MAN
GEOVANNI,MAN
YADIEL,MAN
KYSON,MAN
CALLUM,MAN
DEEGAN,MAN
LENNON,MAN
ABDIEL,MAN
CARSEN,MAN
KOLTEN,MAN
STELLA,WOMAN
SALLIE,WOMAN
NETTIE,WOMAN
ETTA,WOMAN
HARRIET,WOMAN
SADIE,WOMAN
KATIE,WOMAN
LYDIA,WOMAN
KATE,WOMAN
MOLLIE,WOMAN
LULU,WOMAN
NANNIE,WOMAN
LOTTIE,WOMAN
BELLE,WOMAN
CHARLOTTE,WOMAN
AMELIA,WOMAN
HANNAH,WOMAN
JANE,WOMAN
EMILY,WOMAN
MATILDA,WOMAN
HENRIETTA,WOMAN
SARA,WOMAN
ESTELLA,WOMAN
THERESA,WOMAN
JOSIE,WOMAN
SOPHIA,WOMAN
ANNE,WOMAN
DELIA,WOMAN
LOUISA,WOMAN
MAYME,WOMAN
ESTELLE,WOMAN
NINA,WOMAN
BETTIE,WOMAN
LUELLA,WOMAN
INEZ,WOMAN
LELA,WOMAN
ROSIE,WOMAN
MILLIE,WOMAN
JANIE,WOMAN
CORNELIA,WOMAN
VICTORIA,WOMAN
CELIA,WOMAN
CHRISTINE,WOMAN
BIRDIE,WOMAN
HARRIETT,WOMAN
MABLE,WOMAN
MYRA,WOMAN
SOPHIE,WOMAN
TILLIE,WOMAN
ISABEL,WOMAN
SYLVIA,WOMAN
ISABELLE,WOMAN
LEILA,WOMAN
SALLY,WOMAN
INA,WOMAN
NELL,WOMAN
ALBERTA,WOMAN
KATHARINE,WOMAN
RENA,WOMAN
MINA,WOMAN
MATHILDA,WOMAN
DOLLIE,WOMAN
HETTIE,WOMAN
FANNY,WOMAN
LENORA,WOMAN
ADELAIDE,WOMAN
LELIA,WOMAN
NELLE,WOMAN
SUE,WOMAN
JOHANNA,WOMAN
LILLY,WOMAN
LUCINDA,WOMAN
MINERVA,WOMAN
LETTIE,WOMAN
ROXIE,WOMAN
HELENA,WOMAN
HILDA,WOMAN
HULDA,WOMAN
GENEVIEVE,WOMAN
CORDELIA,WOMAN
JEANETTE,WOMAN
ADELINE,WOMAN
LEAH,WOMAN
LURA,WOMAN
MITTIE,WOMAN
ISABELLA,WOMAN
OLGA,WOMAN
PHOEBE,WOMAN
TERESA,WOMAN
LIDA,WOMAN
LINA,WOMAN
MARGUERITE,WOMAN
CLAUDIA,WOMAN
CECELIA,WOMAN
BESS,WOMAN
EMILIE,WOMAN
ROSETTA,WOMAN
MYRTIE,WOMAN
CECILIA,WOMAN
OLIVIA,WOMAN
OPHELIA,WOMAN
ELNORA,WOMAN
VIOLET,WOMAN
ADELE,WOMAN
LILY,WOMAN
LORETTA,WOMAN
MADGE,WOMAN
POLLY,WOMAN
EUGENIA,WOMAN
LUCILE,WOMAN
MABELLE,WOMAN
ROSALIE,WOMAN
KITTIE,WOMAN
META,WOMAN
ANGIE,WOMAN
GEORGIANA,WOMAN
LILA,WOMAN
REGINA,WOMAN
SELMA,WOMAN
WILHELMINA,WOMAN
BRIDGET,WOMAN
LILLA,WOMAN
MALINDA,WOMAN
VINA,WOMAN
FREDA,WOMAN
GERTIE,WOMAN
JEANNETTE,WOMAN
LOUELLA,WOMAN
MANDY,WOMAN
ROBERTA,WOMAN
CORINNE,WOMAN
LYDA,WOMAN
NAOMI,WOMAN
NORMA,WOMAN
MARGIE,WOMAN
NONA,WOMAN
ZELLA,WOMAN
DOVIE,WOMAN
ELVIRA,WOMAN
ERMA,WOMAN
IRMA,WOMAN
LEOTA,WOMAN
BLANCH,WOMAN
CHARITY,WOMAN
LORENA,WOMAN
LUCRETIA,WOMAN
ORPHA,WOMAN
ALVINA,WOMAN
ANNETTE,WOMAN
CATHARINE,WOMAN
ELMA,WOMAN
GENEVA,WOMAN
LEORA,WOMAN
LONA,WOMAN
MIRIAM,WOMAN
ZORA,WOMAN
OCTAVIA,WOMAN
SUDIE,WOMAN
ZULA,WOMAN
ADELLA,WOMAN
FRIEDA,WOMAN
JOANNA,WOMAN
LEONORA,WOMAN
PRISCILLA,WOMAN
TENNIE,WOMAN
ANGELINE,WOMAN
DOCIA,WOMAN
ETTIE,WOMAN
FLOSSIE,WOMAN
HANNA,WOMAN
LETHA,WOMAN
MINTA,WOMAN
RETTA,WOMAN
ROSELLA,WOMAN
ADAH,WOMAN
BERTA,WOMAN
ELISABETH,WOMAN
ELISE,WOMAN
LEOLA,WOMAN
MARGRET,WOMAN
ADALINE,WOMAN
IDELLA,WOMAN
JUANITA,WOMAN
LENNA,WOMAN
LUCIE,WOMAN
MISSOURI,WOMAN
NOLA,WOMAN
ZOE,WOMAN
EDA,WOMAN
ISABELL,WOMAN
JULIE,WOMAN
LETITIA,WOMAN
MADELINE,WOMAN
MALISSA,WOMAN
MARIAH,WOMAN
PATTIE,WOMAN
ALMEDA,WOMAN
AURELIA,WOMAN
DOLLY,WOMAN
JANNIE,WOMAN
KATHRINE,WOMAN
LAVINIA,WOMAN
MARIETTA,WOMAN
MELVINA,WOMAN
ONA,WOMAN
PINKIE,WOMAN
SUSANNA,WOMAN
CHLOE,WOMAN
ELSA,WOMAN
MATIE,WOMAN
PEARLE,WOMAN
VESTA,WOMAN
VINNIE,WOMAN
ANTOINETTE,WOMAN
CLEMENTINE,WOMAN
EDYTHE,WOMAN
HARRIETTE,WOMAN
LIBBIE,WOMAN
LILIAN,WOMAN
LUTIE,WOMAN
MAGDALENA,WOMAN
MEDA,WOMAN
RITA,WOMAN
TENA,WOMAN
ZELMA,WOMAN
ADELIA,WOMAN
ANNETTA,WOMAN
DONA,WOMAN
ELIZEBETH,WOMAN
GEORGIANNA,WOMAN
GRACIE,WOMAN
IONA,WOMAN
LETA,WOMAN
LIZA,WOMAN
MERTIE,WOMAN
MOLLY,WOMAN
NEVA,WOMAN
OMA,WOMAN
ALIDA,WOMAN
CECILE,WOMAN
ERNESTINE,WOMAN
EVIE,WOMAN
HELENE,WOMAN
MINNA,WOMAN
MYRTA,WOMAN
PRUDENCE,WOMAN
QUEEN,WOMAN
RILLA,WOMAN
SAVANNAH,WOMAN
TESSIE,WOMAN
AGATHA,WOMAN
AMERICA,WOMAN
ANITA,WOMAN
ARMINTA,WOMAN
DOROTHEA,WOMAN
LUVENIA,WOMAN
MARJORIE,WOMAN
MAYBELLE,WOMAN
MELLIE,WOMAN
NAN,WOMAN
VELMA,WOMAN
CONSTANCE,WOMAN
ILA,WOMAN
IOLA,WOMAN
LOUVENIA,WOMAN
LUCIA,WOMAN
LUDIE,WOMAN
LUNA,WOMAN
METTA,WOMAN
PHEBE,WOMAN
SOPHRONIA,WOMAN
ADDA,WOMAN
AVIS,WOMAN
BETSY,WOMAN
CORDIE,WOMAN
EMMALINE,WOMAN
ETHELYN,WOMAN
HORTENSE,WOMAN
MARCELLA,WOMAN
MELINDA,WOMAN
MONA,WOMAN
ODESSA,WOMAN
VERONICA,WOMAN
AIMEE,WOMAN
ANNABEL,WOMAN
AVA,WOMAN
BELLA,WOMAN
CAROLINA,WOMAN
CATHRINE,WOMAN
CHRISTENA,WOMAN
DENA,WOMAN
ELEANORE,WOMAN
ELMIRA,WOMAN
JENNY,WOMAN
KIZZIE,WOMAN
LOULA,WOMAN
MAGDALENE,WOMAN
METTIE,WOMAN
MINTIE,WOMAN
PEGGY,WOMAN
REBA,WOMAN
SERENA,WOMAN
VIDA,WOMAN
ZADA,WOMAN
ABIGAIL,WOMAN
CELESTINE,WOMAN
CELINA,WOMAN
DAISIE,WOMAN
DESSA,WOMAN
EASTER,WOMAN
EMELIA,WOMAN
EMMIE,WOMAN
IMOGENE,WOMAN
INDIA,WOMAN
JEANNE,WOMAN
LENORE,WOMAN
LIDDIE,WOMAN
LOTTA,WOMAN
MAME,WOMAN
NEVADA,WOMAN
RACHAEL,WOMAN
SINA,WOMAN
WILLA,WOMAN
ALINE,WOMAN
DAISEY,WOMAN
DORCAS,WOMAN
EDMONIA,WOMAN
EFFA,WOMAN
ELDORA,WOMAN
ELOISE,WOMAN
EMMER,WOMAN
ERA,WOMAN
GENA,WOMAN
IRIS,WOMAN
IZORA,WOMAN
LISSIE,WOMAN
MALLIE,WOMAN
MALVINA,WOMAN
MATHILDE,WOMAN
MAZIE,WOMAN
QUEENIE,WOMAN
ROSINA,WOMAN
SALOME,WOMAN
THEODORA,WOMAN
THERESE,WOMAN
VENA,WOMAN
WANDA,WOMAN
WILDA,WOMAN
ALTHA,WOMAN
ANASTASIA,WOMAN
BESSE,WOMAN
BIRTIE,WOMAN
CLARISSA,WOMAN
DELILAH,WOMAN
DIANA,WOMAN
EMELIE,WOMAN
ERNA,WOMAN
FLORIDA,WOMAN
FRONA,WOMAN
HILMA,WOMAN
JULIET,WOMAN
LEONIE,WOMAN
LUGENIA,WOMAN
MAMMIE,WOMAN
MANDA,WOMAN
MANERVA,WOMAN
MANIE,WOMAN
NELLA,WOMAN
PAULINA,WOMAN
PHILOMENA,WOMAN
SELINA,WOMAN
SENA,WOMAN
THEODOSIA,WOMAN
UNA,WOMAN
ADELA,WOMAN
ALTHEA,WOMAN
AMALIA,WOMAN
AMBER,WOMAN
ANGELINA,WOMAN
ANNABELLE,WOMAN
ANNER,WOMAN
ARIE,WOMAN
CLARICE,WOMAN
CORDA,WOMAN
CORRIE,WOMAN
DELLAR,WOMAN
DONIE,WOMAN
ELDA,WOMAN
ELINOR,WOMAN
EMELINE,WOMAN
EMILIA,WOMAN
ETHA,WOMAN
INDIANA,WOMAN
IONE,WOMAN
JOSIEPHINE,WOMAN
KITTY,WOMAN
LAVINA,WOMAN
LEDA,WOMAN
LETTA,WOMAN
MAHALA,WOMAN
MARCIA,WOMAN
MARGARETTE,WOMAN
MAUDIE,WOMAN
MAYE,WOMAN
NORAH,WOMAN
PATTY,WOMAN
PAULA,WOMAN
PERMELIA,WOMAN
ROSALIA,WOMAN
ROXANNA,WOMAN
SULA,WOMAN
VADA,WOMAN
WINNIFRED,WOMAN
ADLINE,WOMAN
ALMIRA,WOMAN
ALVENA,WOMAN
ARIZONA,WOMAN
BECKY,WOMAN
BERNADETTE,WOMAN
CORDIA,WOMAN
CORINE,WOMAN
DICIE,WOMAN
DOVE,WOMAN
DRUSILLA,WOMAN
ELENA,WOMAN
ELENORA,WOMAN
ELMINA,WOMAN
ETHYL,WOMAN
EVALYN,WOMAN
EVELINA,WOMAN
FAYE,WOMAN
HULDAH,WOMAN
IDELL,WOMAN
INGA,WOMAN
IRENA,WOMAN
KATTIE,WOMAN
LAVENIA,WOMAN
LOVINA,WOMAN
LULIE,WOMAN
MAGNOLIA,WOMAN
MARGERET,WOMAN
MARGERY,WOMAN
MEDIA,WOMAN
MILLICENT,WOMAN
NENA,WOMAN
ORILLA,WOMAN
PANSY,WOMAN
ROSIA,WOMAN
ROWENA,WOMAN
TABITHA,WOMAN
VERDIE,WOMAN
ZETTA,WOMAN
ZOA,WOMAN
ZONA,WOMAN
ALBERTINA,WOMAN
ALBINA,WOMAN
ALYCE,WOMAN
AMIE,WOMAN
ANNIS,WOMAN
CARRA,WOMAN
CLARINDA,WOMAN
DELPHIA,WOMAN
DILLIE,WOMAN
DOSHIE,WOMAN
DRUCILLA,WOMAN
ETNA,WOMAN
EUGENIE,WOMAN
EULALIA,WOMAN
EVE,WOMAN
FELICIA,WOMAN
FLORANCE,WOMAN
FRONIE,WOMAN
GERALDINE,WOMAN
GINA,WOMAN
GLENNA,WOMAN
GRAYCE,WOMAN
HEDWIG,WOMAN
JOSSIE,WOMAN
KATHERYN,WOMAN
KATY,WOMAN
LEANNA,WOMAN
LEITHA,WOMAN
LEONE,WOMAN
LIDIE,WOMAN
LOMA,WOMAN
LULAR,WOMAN
MAGDALEN,WOMAN
MAYMIE,WOMAN
MINERVIA,WOMAN
MURIEL,WOMAN
NEPPIE,WOMAN
ONIE,WOMAN
OSA,WOMAN
OTELIA,WOMAN
PARALEE,WOMAN
PATIENCE,WOMAN
RELLA,WOMAN
RILLIE,WOMAN
ROSANNA,WOMAN
TILDA,WOMAN
TISHIE,WOMAN
TRESSA,WOMAN
VIVA,WOMAN
YETTA,WOMAN
ZENA,WOMAN
ZOLA,WOMAN
ABBY,WOMAN
AILEEN,WOMAN
ALDA,WOMAN
ALLA,WOMAN
ALVERTA,WOMAN
ARA,WOMAN
ARDELIA,WOMAN
ARDELLA,WOMAN
ARRIE,WOMAN
ARVILLA,WOMAN
AURORA,WOMAN
BAMA,WOMAN
BENA,WOMAN
CALLA,WOMAN
CAMILLA,WOMAN
CARLOTTA,WOMAN
CELESTIA,WOMAN
CHERRY,WOMAN
CINDA,WOMAN
CLASSIE,WOMAN
CLAUDINE,WOMAN
CLEMIE,WOMAN
CLYDA,WOMAN
CREOLA,WOMAN
DEBBIE,WOMAN
DINAH,WOMAN
DOSHIA,WOMAN
EDNAH,WOMAN
EDYTH,WOMAN
ELEANORA,WOMAN
ELECTA,WOMAN
EOLA,WOMAN
EUDORA,WOMAN
EUPHEMIA,WOMAN
EVALENA,WOMAN
EVALINE,WOMAN
FAITH,WOMAN
FIDELIA,WOMAN
GOLDA,WOMAN
HELMA,WOMAN
HERMINE,WOMAN
HESSIE,WOMAN
IVAH,WOMAN
JANETTE,WOMAN
JENNETTE,WOMAN
JOELLA,WOMAN
KATHRYNE,WOMAN
LANIE,WOMAN
LAURETTA,WOMAN
LEANA,WOMAN
LEATHA,WOMAN
LILLER,WOMAN
LILLIS,WOMAN
LOUETTA,WOMAN
MADIE,WOMAN
MAI,WOMAN
MARTINA,WOMAN
MARYANN,WOMAN
MELVA,WOMAN
MENA,WOMAN
MERCEDES,WOMAN
MIMA,WOMAN
MINDA,WOMAN
MONICA,WOMAN
NEALIE,WOMAN
NETTA,WOMAN
NOLIA,WOMAN
NONIE,WOMAN
ODELIA,WOMAN
OTTILIE,WOMAN
PHYLLIS,WOMAN
SABINA,WOMAN
SADA,WOMAN
SUZANNE,WOMAN
SYBILLA,WOMAN
THEA,WOMAN
TRESSIE,WOMAN
VALLIE,WOMAN
VENIE,WOMAN
VINEY,WOMAN
WILHELMINE,WOMAN
WINONA,WOMAN
ZELDA,WOMAN
ZILPHA,WOMAN
ADELLE,WOMAN
ADINA,WOMAN
ADRIENNE,WOMAN
ALBERTINE,WOMAN
ALYS,WOMAN
ANA,WOMAN
ARAMINTA,WOMAN
BIRTHA,WOMAN
BULAH,WOMAN
CADDIE,WOMAN
CELIE,WOMAN
CHARLOTTA,WOMAN
CONCEPCION,WOMAN
CORDELLA,WOMAN
CORRINE,WOMAN
DELILA,WOMAN
DELPHINE,WOMAN
DOSHA,WOMAN
ELAINE,WOMAN
ELISA,WOMAN
ELLAR,WOMAN
ELMIRE,WOMAN
ELVINA,WOMAN
ENA,WOMAN
ESTIE,WOMAN
ETTER,WOMAN
FRONNIE,WOMAN
GEORGINA,WOMAN
GRACIA,WOMAN
GWENDOLYN,WOMAN
HASSIE,WOMAN
HONORA,WOMAN
ICY,WOMAN
ISA,WOMAN
ISADORA,WOMAN
JOHANNAH,WOMAN
JUANA,WOMAN
JUNIE,WOMAN
LAVONIA,WOMAN
LELLA,WOMAN
LEMMA,WOMAN
LETTY,WOMAN
LINNA,WOMAN
LITTIE,WOMAN
LOLLIE,WOMAN
LORENE,WOMAN
LOVISA,WOMAN
LUCINA,WOMAN
MADORA,WOMAN
MAHALIA,WOMAN
MANERVIA,WOMAN
MANUELA,WOMAN
MARGARETT,WOMAN
MARGARETTA,WOMAN
MARGARITA,WOMAN
MARILLA,WOMAN
MIGNON,WOMAN
MOZELLA,WOMAN
NATALIE,WOMAN
NELIA,WOMAN
NOLIE,WOMAN
OMIE,WOMAN
OTTILIA,WOMAN
PARTHENIA,WOMAN
PENELOPE,WOMAN
PINKEY,WOMAN
POLLIE,WOMAN
RENNIE,WOMAN
RETA,WOMAN
ROENA,WOMAN
ROSALEE,WOMAN
ROSEANNA,WOMAN
RUTHIE,WOMAN
SABRA,WOMAN
SANNIE,WOMAN
SELENA,WOMAN
SIBYL,WOMAN
TELLA,WOMAN
TEMPIE,WOMAN
TENNESSEE,WOMAN
TERESSA,WOMAN
TEXAS,WOMAN
THEDA,WOMAN
THURSA,WOMAN
ULA,WOMAN
VANNIE,WOMAN
VERONA,WOMAN
VERTIE,WOMAN
WILMA,WOMAN
ADELL,WOMAN
AGGIE,WOMAN
ALCIE,WOMAN
ALFREDA,WOMAN
ALICIA,WOMAN
ALLENE,WOMAN
ALMYRA,WOMAN
ANASTACIA,WOMAN
ARIA,WOMAN
ARMINDA,WOMAN
AURA,WOMAN
AVIE,WOMAN
BERDIE,WOMAN
BUENA,WOMAN
CALISTA,WOMAN
CAMMIE,WOMAN
CARA,WOMAN
CELESTA,WOMAN
CELESTE,WOMAN
CHANEY,WOMAN
CHANIE,WOMAN
CHARLOTTIE,WOMAN
CHRISSIE,WOMAN
CHRISTENE,WOMAN
CHRISTIANA,WOMAN
CLEORA,WOMAN
CLORA,WOMAN
CORALIE,WOMAN
DAYSE,WOMAN
DELFINA,WOMAN
DELIAH,WOMAN
DELINA,WOMAN
DELLE,WOMAN
DICY,WOMAN
DONIA,WOMAN
DULCIE,WOMAN
EDWINA,WOMAN
ELA,WOMAN
ELEONORA,WOMAN
ELTA,WOMAN
ELZADA,WOMAN
EMALINE,WOMAN
EULAH,WOMAN
EULALIE,WOMAN
EUNA,WOMAN
ZADIE,WOMAN
EVELINE,WOMAN
LELAH,WOMAN
NANIE,WOMAN
PETRA,WOMAN
GLENNIE,WOMAN
JULIETTE,WOMAN
MERCY,WOMAN
MIRANDA,WOMAN
NANA,WOMAN
ZILPAH,WOMAN
ALMEDIA,WOMAN
BYRDIE,WOMAN
CLARIBEL,WOMAN
CORAL,WOMAN
EXIE,WOMAN
MALISSIE,WOMAN
MYRTICE,WOMAN
NARCISSUS,WOMAN
ROSAMOND,WOMAN
THERESIA,WOMAN
VALERIA,WOMAN
VESSIE,WOMAN
VICTORINE,WOMAN
ARABELLA,WOMAN
DOTTIE,WOMAN
FLO,WOMAN
FREDERICKA,WOMAN
GUSTA,WOMAN
ICIE,WOMAN
LILLIA,WOMAN
LOTA,WOMAN
NATHALIE,WOMAN
NITA,WOMAN
OTA,WOMAN
RAMONA,WOMAN
TEXIE,WOMAN
ZILLAH,WOMAN
AIDA,WOMAN
ARRA,WOMAN
BELVA,WOMAN
BIDDIE,WOMAN
BULA,WOMAN
CARRY,WOMAN
CRETE,WOMAN
DOSSIE,WOMAN
EVANGELINE,WOMAN
FLAVIA,WOMAN
FLETA,WOMAN
FRONIA,WOMAN
GILLIE,WOMAN
JINNIE,WOMAN
KATHARINA,WOMAN
MIRTIE,WOMAN
MORA,WOMAN
NINNIE,WOMAN
RETTIE,WOMAN
ROZELLA,WOMAN
SOFIA,WOMAN
SYBIL,WOMAN
SYLVANIA,WOMAN
TILLA,WOMAN
URSULA,WOMAN
VEDA,WOMAN
ZAIDA,WOMAN
ZENOBIA,WOMAN
ALETHA,WOMAN
ASON,WOMAN
BINA,WOMAN
CHLOIE,WOMAN
CHRISTIE,WOMAN
COREAN,WOMAN
CORINNA,WOMAN
ELODIE,WOMAN
EPSIE,WOMAN
EXA,WOMAN
GEORGINE,WOMAN
GRETTA,WOMAN
HENRIETTE,WOMAN
JEMIMA,WOMAN
JO,WOMAN
JOSEFA,WOMAN
JULIANA,WOMAN
KATHARYN,WOMAN
LAVADA,WOMAN
LEONORE,WOMAN
LEVINA,WOMAN
LIBBY,WOMAN
LILIE,WOMAN
LOUANNA,WOMAN
MABELL,WOMAN
MADELEINE,WOMAN
MARINDA,WOMAN
MILA,WOMAN
NETA,WOMAN
ORLENA,WOMAN
OZELLA,WOMAN
RESSIE,WOMAN
ROSENA,WOMAN
ROSEY,WOMAN
SENORA,WOMAN
SIDDIE,WOMAN
SUSANA,WOMAN
SUSANNE,WOMAN
TEXANNA,WOMAN
TINEY,WOMAN
TINIE,WOMAN
TINY,WOMAN
ACHSAH,WOMAN
AGNESS,WOMAN
ALA,WOMAN
ALABAMA,WOMAN
ALEXINA,WOMAN
ALTIE,WOMAN
AMA,WOMAN
AMALIE,WOMAN
AMELIE,WOMAN
AMEY,WOMAN
AMMA,WOMAN
AMMIE,WOMAN
ANIE,WOMAN
ANNABELL,WOMAN
ARTA,WOMAN
ATTIE,WOMAN
AUDRA,WOMAN
AZZIE,WOMAN
CATHRYN,WOMAN
CENA,WOMAN
CHESTINA,WOMAN
CRISSIE,WOMAN
CYNTHA,WOMAN
DAISYE,WOMAN
DELLIA,WOMAN
DELTA,WOMAN
DEMA,WOMAN
DEZZIE,WOMAN
DOLA,WOMAN
DOLLYE,WOMAN
EITHEL,WOMAN
ELBA,WOMAN
ELFRIEDA,WOMAN
ELNA,WOMAN
EMOGENE,WOMAN
ENOLA,WOMAN
VERDA,WOMAN
GRETCHEN,WOMAN
HERMINA,WOMAN
NELLY,WOMAN
ELLER,WOMAN
HETTY,WOMAN
LUETTA,WOMAN
PENNIE,WOMAN
ROSEMARY,WOMAN
BECKIE,WOMAN
BUNA,WOMAN
CALDONIA,WOMAN
CANDACE,WOMAN
EDLA,WOMAN
FLORRIE,WOMAN
LUISA,WOMAN
MYRTIS,WOMAN
TRUDIE,WOMAN
AGUSTA,WOMAN
ALPHONSINE,WOMAN
DELLIE,WOMAN
DELPHA,WOMAN
KATHYRN,WOMAN
LORETTO,WOMAN
LUCINDY,WOMAN
MAYBELL,WOMAN
ODILE,WOMAN
ORAH,WOMAN
PRUDIE,WOMAN
RHEA,WOMAN
RINDA,WOMAN
ROSY,WOMAN
ROXY,WOMAN
SARRAH,WOMAN
SUSANNAH,WOMAN
TULA,WOMAN
ALWINA,WOMAN
ARAH,WOMAN
BERNADINE,WOMAN
CAPITOLA,WOMAN
CATHERN,WOMAN
COLUMBIA,WOMAN
EILEEN,WOMAN
ELIZBETH,WOMAN
EURA,WOMAN
HENNIE,WOMAN
HENRETTA,WOMAN
IVIE,WOMAN
JEANIE,WOMAN
JUSTINA,WOMAN
LEANER,WOMAN
LEONIA,WOMAN
LORRAINE,WOMAN
LUCETTA,WOMAN
MACIE,WOMAN
MAHALIE,WOMAN
MARRY,WOMAN
NOVELLA,WOMAN
OLEVIA,WOMAN
PHILLIS,WOMAN
PHILOMENE,WOMAN
SALINA,WOMAN
SINDA,WOMAN
TINNIE,WOMAN
VASHTI,WOMAN
VELLA,WOMAN
VEVA,WOMAN
VICY,WOMAN
ZITA,WOMAN
AFFIE,WOMAN
ALBERTHA,WOMAN
ANABEL,WOMAN
ARTELIA,WOMAN
BARBRA,WOMAN
BEAULAH,WOMAN
BERTINA,WOMAN
BIRDELLA,WOMAN
BLOSSOM,WOMAN
CARMELA,WOMAN
CAROLYNE,WOMAN
CILLA,WOMAN
DENISE,WOMAN
DORTHEA,WOMAN
ELEONORE,WOMAN
FAIRY,WOMAN
FANNYE,WOMAN
FRANC,WOMAN
FRANCINA,WOMAN
FRANCISCA,WOMAN
GENEVRA,WOMAN
HELGA,WOMAN
IZA,WOMAN
JEANETTA,WOMAN
JEANNIE,WOMAN
JERUSHA,WOMAN
LISETTE,WOMAN
LODA,WOMAN
LUDA,WOMAN
LYNDA,WOMAN
MARGET,WOMAN
MARIAM,WOMAN
MODENA,WOMAN
NANNA,WOMAN
NELIE,WOMAN
OLENA,WOMAN
LELAR,WOMAN
MATILDE,WOMAN
SIMONA,WOMAN
THORA,WOMAN
ANGELITA,WOMAN
BERENICE,WOMAN
DAGMAR,WOMAN
DINA,WOMAN
EMA,WOMAN
FLORINE,WOMAN
LORAINE,WOMAN
MAIDA,WOMAN
MISSIE,WOMAN
ARLINE,WOMAN
BEATRIX,WOMAN
DORATHEA,WOMAN
ELENOR,WOMAN
GERTHA,WOMAN
LESTA,WOMAN
REBEKAH,WOMAN
ALMINA,WOMAN
ARLENA,WOMAN
DOT,WOMAN
ELFIE,WOMAN
ERMINE,WOMAN
FRANCISQUI,WOMAN
GEORGEANNA,WOMAN
GLENDORA,WOMAN
LEONTINE,WOMAN
LEVA,WOMAN
LITHA,WOMAN
LUBERTA,WOMAN
MARIANNA,WOMAN
PARLEE,WOMAN
PEARLA,WOMAN
SISTER,WOMAN
THRESA,WOMAN
ALENE,WOMAN
ALVERDA,WOMAN
ANTONETTE,WOMAN
ARGIE,WOMAN
ARKIE,WOMAN
ARLETTA,WOMAN
BEA,WOMAN
BETTYE,WOMAN
CAPPIE,WOMAN
CARO,WOMAN
CLOE,WOMAN
CORENE,WOMAN
DEETTA,WOMAN
ELBERTA,WOMAN
ETHER,WOMAN
FELICIE,WOMAN
FREDERICA,WOMAN
HELLEN,WOMAN
ICEY,WOMAN
INES,WOMAN
JUNIA,WOMAN
LANEY,WOMAN
LASSIE,WOMAN
LOCKIE,WOMAN
LOSSIE,WOMAN
LOVEY,WOMAN
MARIANITA,WOMAN
MATTYE,WOMAN
RUBIE,WOMAN
MILLY,WOMAN
PLUMA,WOMAN
RUIE,WOMAN
VIRA,WOMAN
CLEVA,WOMAN
GENNIE,WOMAN
SADYE,WOMAN
VENNIE,WOMAN
ZETTIE,WOMAN
CLEVIE,WOMAN
FERNE,WOMAN
MAEBELLE,WOMAN
MAXINE,WOMAN
PEARLY,WOMAN
SAVANAH,WOMAN
SAVILLA,WOMAN
VALERIE,WOMAN
VIOLETTA,WOMAN
ADELINA,WOMAN
ALZINA,WOMAN
ANNICE,WOMAN
BEDA,WOMAN
CLARABELLE,WOMAN
FLEDA,WOMAN
GOLDIA,WOMAN
LAILA,WOMAN
LEALA,WOMAN
LILAH,WOMAN
LYLA,WOMAN
NAOMA,WOMAN
NEALY,WOMAN
OLIVINE,WOMAN
RUTHA,WOMAN
SUSSIE,WOMAN
THEODOCIA,WOMAN
VASSIE,WOMAN
ZINA,WOMAN
AURORE,WOMAN
BETH,WOMAN
CHANNIE,WOMAN
FREIDA,WOMAN
GEORGANNA,WOMAN
IZETTA,WOMAN
KATHERN,WOMAN
LADY,WOMAN
LALA,WOMAN
LILIA,WOMAN
LURANA,WOMAN
MOZELLE,WOMAN
NORINE,WOMAN
ONEY,WOMAN
CLOTILDE,WOMAN
NOVA,WOMAN
MYRNA,WOMAN
MEDORA,WOMAN
HILDUR,WOMAN
IMO,WOMAN
RAGNA,WOMAN
VINIE,WOMAN
EMMY,WOMAN
HILDEGARDE,WOMAN
OCTA,WOMAN
AURILLA,WOMAN
BEULA,WOMAN
LERA,WOMAN
MACY,WOMAN
MARGRETT,WOMAN
MELINA,WOMAN
PHEOBE,WOMAN
ALVIRA,WOMAN
CLELLA,WOMAN
CORNIE,WOMAN
DOROTHA,WOMAN
DORTHY,WOMAN
DOSIA,WOMAN
ENID,WOMAN
ESSA,WOMAN
EVELENA,WOMAN
GENOVEVA,WOMAN
GRETA,WOMAN
ICA,WOMAN
ILMA,WOMAN
LALLA,WOMAN
LANA,WOMAN
LEONOR,WOMAN
LOLLA,WOMAN
LORNA,WOMAN
VERGIE,WOMAN
MOSSIE,WOMAN
MANUELITA,WOMAN
OLINE,WOMAN
IMA,WOMAN
JANEY,WOMAN
VILLA,WOMAN
CLYTIE,WOMAN
ERMINA,WOMAN
HERTHA,WOMAN
MARGARETHA,WOMAN
MELANIE,WOMAN
METHA,WOMAN
PRICILLA,WOMAN
SIGRID,WOMAN
THEKLA,WOMAN
BERNIECE,WOMAN
BETHA,WOMAN
FLORIE,WOMAN
HILAH,WOMAN
ISLA,WOMAN
JUDIE,WOMAN
LETHIA,WOMAN
LOUISIANA,WOMAN
RUBYE,WOMAN
SILVIA,WOMAN
ZELPHA,WOMAN
ALWILDA,WOMAN
ANGELE,WOMAN
VERLIE,WOMAN
ZELIA,WOMAN
GUNDA,WOMAN
OCTAVIE,WOMAN
ORELIA,WOMAN
RETHA,WOMAN
SIGNE,WOMAN
ANICE,WOMAN
CARLOTA,WOMAN
LURLINE,WOMAN
LUZ,WOMAN
OPHA,WOMAN
URA,WOMAN
VICIE,WOMAN
ALWINE,WOMAN
CARMELITA,WOMAN
CLEMMA,WOMAN
ELIA,WOMAN
ELOISA,WOMAN
EPPIE,WOMAN
GUSTIE,WOMAN
HAZLE,WOMAN
LU,WOMAN
EBBA,WOMAN
MARGARETE,WOMAN
MYRLE,WOMAN
NADINE,WOMAN
PALLIE,WOMAN
BETSEY,WOMAN
CLETA,WOMAN
FILOMENA,WOMAN
ORRA,WOMAN
ARLENE,WOMAN
MARGRETTA,WOMAN
PAIRLEE,WOMAN
ZANA,WOMAN
FRANCIES,WOMAN
MARJORY,WOMAN
ROXANA,WOMAN
CRESSIE,WOMAN
ERLA,WOMAN
HERMA,WOMAN
OLIVA,WOMAN
ROSALIND,WOMAN
CHESSIE,WOMAN
DAPHNE,WOMAN
LULAH,WOMAN
MARVEL,WOMAN
MONNIE,WOMAN
NOEMIE,WOMAN
GREGORIA,WOMAN
JOSEFINA,WOMAN
FLEETA,WOMAN
MADALINE,WOMAN
HILDRED,WOMAN
SIBBIE,WOMAN
VERENA,WOMAN
BERNARDINE,WOMAN
GERDA,WOMAN
HAZELLE,WOMAN
NOBIE,WOMAN
REVA,WOMAN
VONNIE,WOMAN
ETHIE,WOMAN
JESSYE,WOMAN
JETTA,WOMAN
SIGNA,WOMAN
DELCIE,WOMAN
HILDEGARD,WOMAN
TREVA,WOMAN
VIOLETTE,WOMAN
SYLVA,WOMAN
TWILA,WOMAN
CONCETTA,WOMAN
IDABELLE,WOMAN
LULLA,WOMAN
MIRA,WOMAN
NILA,WOMAN
OLAR,WOMAN
VELVA,WOMAN
YVONNE,WOMAN
EVIA,WOMAN
WILLIA,WOMAN
DORTHA,WOMAN
ELSE,WOMAN
FREEDA,WOMAN
VERSA,WOMAN
ILAH,WOMAN
MAURINE,WOMAN
VERNICE,WOMAN
ELMYRA,WOMAN
MADELYN,WOMAN
CANNIE,WOMAN
CARMELLA,WOMAN
CLIFFIE,WOMAN
EVER,WOMAN
LEAFY,WOMAN
OLINDA,WOMAN
VIRDIE,WOMAN
ALLENA,WOMAN
CLOTILDA,WOMAN
ELIDA,WOMAN
ELVERA,WOMAN
FAE,WOMAN
JOSEFITA,WOMAN
LURENA,WOMAN
VERSIE,WOMAN
VIVIEN,WOMAN
MELBA,WOMAN
ALLINE,WOMAN
ELFREDA,WOMAN
VERLA,WOMAN
OUIDA,WOMAN
FLONNIE,WOMAN
PALMA,WOMAN
CONSUELO,WOMAN
LORINE,WOMAN
VENUS,WOMAN
HASEL,WOMAN
NOMA,WOMAN
VIRGIA,WOMAN
ALLEEN,WOMAN
MAVIS,WOMAN
NELDA,WOMAN
TRILBY,WOMAN
ADEL,WOMAN
BUELAH,WOMAN
MILDA,WOMAN
VELDA,WOMAN
BERNETTA,WOMAN
NEOMA,WOMAN
GAYNELL,WOMAN
LAURETTE,WOMAN
COLETTA,WOMAN
ZELA,WOMAN
ZETA,WOMAN
MANILA,WOMAN
MANILLA,WOMAN
CUBA,WOMAN
EARLINE,WOMAN
VLASTA,WOMAN
JACQUELINE,WOMAN
ONNIE,WOMAN
VARA,WOMAN
ALENA,WOMAN
ILO,WOMAN
IMELDA,WOMAN
ARDIS,WOMAN
DELORES,WOMAN
IRVA,WOMAN
GWEN,WOMAN
TOMASA,WOMAN
VETA,WOMAN
BERNEICE,WOMAN
LEMPI,WOMAN
EATHEL,WOMAN
MARYBELLE,WOMAN
CHRYSTAL,WOMAN
ELVIA,WOMAN
ILENE,WOMAN
MARGARITE,WOMAN
MARIANNE,WOMAN
ODETTE,WOMAN
ANTONINA,WOMAN
DELSIE,WOMAN
PORTIA,WOMAN
REATHA,WOMAN
ALEEN,WOMAN
ALMETA,WOMAN
LILYAN,WOMAN
JAUNITA,WOMAN
LUVINIA,WOMAN
ALVERA,WOMAN
ALLEAN,WOMAN
DAGNY,WOMAN
LEOMA,WOMAN
OLETA,WOMAN
TRULA,WOMAN
ETHYLE,WOMAN
INGEBORG,WOMAN
JEANE,WOMAN
LAURINE,WOMAN
LOREAN,WOMAN
MARGE,WOMAN
MARGUERITTA,WOMAN
MOZELL,WOMAN
NORENE,WOMAN
ONETA,WOMAN
LOLITA,WOMAN
ELOUISE,WOMAN
CATHLEEN,WOMAN
BETTE,WOMAN
EARNESTINE,WOMAN
FLORENE,WOMAN
LAVERNA,WOMAN
RAFAELA,WOMAN
THYRA,WOMAN
LOYCE,WOMAN
CLEDA,WOMAN
PEARLINE,WOMAN
CEOLA,WOMAN
LAVERA,WOMAN
MARCELLE,WOMAN
ROMAINE,WOMAN
ROSALYN,WOMAN
AUGUSTINA,WOMAN
BONITA,WOMAN
DOMINGA,WOMAN
GIRTHA,WOMAN
ISOBEL,WOMAN
ANONA,WOMAN
SYBLE,WOMAN
EDRIS,WOMAN
SANTA,WOMAN
THEOLA,WOMAN
VEOLA,WOMAN
CEIL,WOMAN
MADLYN,WOMAN
VERNIA,WOMAN
ELLAMAE,WOMAN
IRINE,WOMAN
LINNEA,WOMAN
MADALYN,WOMAN
ROSLYN,WOMAN
EDRIE,WOMAN
VINCENZA,WOMAN
YOLANDA,WOMAN
EDRA,WOMAN
ORMA,WOMAN
ILDA,WOMAN
ARDATH,WOMAN
RENEE,WOMAN
ASTRID,WOMAN
BEADIE,WOMAN
DORETHA,WOMAN
NEOLA,WOMAN
VELA,WOMAN
WAVA,WOMAN
EVELYNE,WOMAN
DIMPLE,WOMAN
ANNAMAE,WOMAN
ELEASE,WOMAN
WILLIEMAE,WOMAN
ROSALINE,WOMAN
CHARLINE,WOMAN
CHARLENE,WOMAN
JOANNE,WOMAN
THETA,WOMAN
DELORIS,WOMAN
MAUREEN,WOMAN
ROSABELLE,WOMAN
GILDA,WOMAN
HERMINIA,WOMAN
AFTON,WOMAN
MARGURITE,WOMAN
CLYDIE,WOMAN
IZOLA,WOMAN
ROSEMARIE,WOMAN
ARNETTA,WOMAN
GLADYCE,WOMAN
FLORETTA,WOMAN
MERNA,WOMAN
NEDRA,WOMAN
CLEMENTINA,WOMAN
LAUNA,WOMAN
SONIA,WOMAN
AILI,WOMAN
GLADIS,WOMAN
ALEASE,WOMAN
MADONNA,WOMAN
AZALEE,WOMAN
COLLEEN,WOMAN
DARLENE,WOMAN
MACEL,WOMAN
CLEOLA,WOMAN
LOREE,WOMAN
STEPHANIA,WOMAN
JOANN,WOMAN
ANTONETTA,WOMAN
ARIETTA,WOMAN
VIVIENNE,WOMAN
ELINORE,WOMAN
BENITA,WOMAN
GLENDA,WOMAN
EARLENE,WOMAN
ARLEEN,WOMAN
BLANCHIE,WOMAN
VILMA,WOMAN
ERLINE,WOMAN
FELICE,WOMAN
GEORGETTE,WOMAN
YVETTE,WOMAN
ASSUNTA,WOMAN
HELYN,WOMAN
LAVONNE,WOMAN
AUDRY,WOMAN
DORATHY,WOMAN
STASIA,WOMAN
VITA,WOMAN
JAYNE,WOMAN
MAEBELL,WOMAN
MAFALDA,WOMAN
OLYMPIA,WOMAN
MASAKO,WOMAN
STACIA,WOMAN
DOMENICA,WOMAN
INGRID,WOMAN
WYNONA,WOMAN
BERNITA,WOMAN
CAROLE,WOMAN
ELENORE,WOMAN
WANETA,WOMAN
ESPERANZA,WOMAN
MADELENE,WOMAN
ROSELYN,WOMAN
KATHLYN,WOMAN
ARDITH,WOMAN
VENITA,WOMAN
SANTINA,WOMAN
MARYJANE,WOMAN
ORENE,WOMAN
NOREEN,WOMAN
ANTIONETTE,WOMAN
MARGOT,WOMAN
DAWN,WOMAN
LAHOMA,WOMAN
ALEXANDRA,WOMAN
MARYELLEN,WOMAN
RUTHE,WOMAN
CLEONE,WOMAN
KATHALEEN,WOMAN
ALDONA,WOMAN
JANIS,WOMAN
CHRISTEEN,WOMAN
DORINE,WOMAN
CARYL,WOMAN
FRANCINE,WOMAN
ROSARIA,WOMAN
ERLENE,WOMAN
GEORGETTA,WOMAN
OLENE,WOMAN
SHEILA,WOMAN
GEORGENE,WOMAN
YOSHIKO,WOMAN
DELORA,WOMAN
LAVELLE,WOMAN
IDAMAE,WOMAN
MICHELINA,WOMAN
CATALINA,WOMAN
LIBERTY,WOMAN
VICTORY,WOMAN
BEVERLEY,WOMAN
LAURENE,WOMAN
MARILYNN,WOMAN
JERALDINE,WOMAN
MARYLOU,WOMAN
JACQUELYN,WOMAN
ONEIDA,WOMAN
CONCHA,WOMAN
MARINA,WOMAN
DOREEN,WOMAN
HARUKO,WOMAN
FELIPA,WOMAN
SOCORRO,WOMAN
ELOIS,WOMAN
TOSHIKO,WOMAN
CARLENE,WOMAN
FUMIKO,WOMAN
SOLEDAD,WOMAN
GEARLDINE,WOMAN
SHIRLEE,WOMAN
MERRY,WOMAN
CLARINE,WOMAN
LORAYNE,WOMAN
MARLENE,WOMAN
KIYOKO,WOMAN
ELWANDA,WOMAN
ELAYNE,WOMAN
DARLINE,WOMAN
ARLYNE,WOMAN
MARLYS,WOMAN
MARDELL,WOMAN
WILLENE,WOMAN
INELL,WOMAN
VENICE,WOMAN
OFELIA,WOMAN
PEGGIE,WOMAN
BEATRIZ,WOMAN
ROCHELLE,WOMAN
LEATRICE,WOMAN
BILLYE,WOMAN
DARLEEN,WOMAN
HORTENCIA,WOMAN
ETHELENE,WOMAN
MARYLOUISE,WOMAN
ERIS,WOMAN
BETTYJANE,WOMAN
PENNY,WOMAN
DORENE,WOMAN
TONI,WOMAN
LYNETTE,WOMAN
VONDA,WOMAN
AMPARO,WOMAN
BEBE,WOMAN
PHYLIS,WOMAN
BETTYLOU,WOMAN
WANITA,WOMAN
MARCELINE,WOMAN
VERNELLE,WOMAN
ERNESTINA,WOMAN
DOLORIS,WOMAN
DELOIS,WOMAN
NANETTE,WOMAN
ARDELLE,WOMAN
NATALIA,WOMAN
ESTELA,WOMAN
SHERRY,WOMAN
TWYLA,WOMAN
JACQUELIN,WOMAN
ENRIQUETA,WOMAN
BOBBYE,WOMAN
PATTI,WOMAN
LORRAYNE,WOMAN
JANELL,WOMAN
LADONNA,WOMAN
NADA,WOMAN
CARLA,WOMAN
EVANGELINA,WOMAN
WILLODEAN,WOMAN
CHARLEEN,WOMAN
COLEEN,WOMAN
ILLA,WOMAN
SHIRLIE,WOMAN
AILENE,WOMAN
ERLINDA,WOMAN
LITA,WOMAN
MARILOU,WOMAN
LAWANDA,WOMAN
CHARMAINE,WOMAN
CHERIE,WOMAN
SONYA,WOMAN
RAQUEL,WOMAN
HORTENSIA,WOMAN
VALENCIA,WOMAN
JOCELYN,WOMAN
KAZUKO,WOMAN
JOYE,WOMAN
LIDIA,WOMAN
ROSEANN,WOMAN
EARLEAN,WOMAN
JEANNINE,WOMAN
ROMONA,WOMAN
JEANINE,WOMAN
JOLINE,WOMAN
FELICITAS,WOMAN
CARMA,WOMAN
MARVA,WOMAN
COLETTE,WOMAN
SONDRA,WOMAN
MARILEE,WOMAN
JOLENE,WOMAN
JOVITA,WOMAN
DORLA,WOMAN
DIANNE,WOMAN
MARGY,WOMAN
VELIA,WOMAN
MARGENE,WOMAN
BEVERLEE,WOMAN
MARYANNE,WOMAN
JOYCELYN,WOMAN
MERLENE,WOMAN
ORALIA,WOMAN
SYDELL,WOMAN
JILL,WOMAN
ARDETH,WOMAN
ARMIDA,WOMAN
MARYLIN,WOMAN
SONJA,WOMAN
LAQUITA,WOMAN
JULIANNE,WOMAN
NANNETTE,WOMAN
MARGO,WOMAN
CLAUDETTE,WOMAN
ARLA,WOMAN
CHARLSIE,WOMAN
MARYLYN,WOMAN
MITZI,WOMAN
PATRICA,WOMAN
EARTHA,WOMAN
HERLINDA,WOMAN
TRUDY,WOMAN
VERDELL,WOMAN
JORETTA,WOMAN
MARSHA,WOMAN
VERLENE,WOMAN
LYNNE,WOMAN
MARIANN,WOMAN
JOETTA,WOMAN
ROSANNE,WOMAN
BELIA,WOMAN
JANELLE,WOMAN
MERILYN,WOMAN
ARDYCE,WOMAN
ROSITA,WOMAN
CELINE,WOMAN
CARLEEN,WOMAN
CAROLEE,WOMAN
DIAN,WOMAN
DORTHEY,WOMAN
KATHY,WOMAN
MARITA,WOMAN
THOMASINA,WOMAN
MARTA,WOMAN
THALIA,WOMAN
NIRA,WOMAN
SHARLENE,WOMAN
RHETA,WOMAN
JERRIE,WOMAN
GINGER,WOMAN
JACKLYN,WOMAN
ELISSA,WOMAN
PAULETTE,WOMAN
MONNA,WOMAN
JOELLEN,WOMAN
LAVONA,WOMAN
BONNY,WOMAN
LUANNE,WOMAN
SAUNDRA,WOMAN
LUANN,WOMAN
PEARLENE,WOMAN
NANCIE,WOMAN
SHIRLENE,WOMAN
MARCELINA,WOMAN
VICKI,WOMAN
KAROL,WOMAN
LOUANN,WOMAN
ALISON,WOMAN
MARYLEE,WOMAN
SHARRON,WOMAN
CATHY,WOMAN
DARLA,WOMAN
NORITA,WOMAN
GAYE,WOMAN
JERI,WOMAN
LORIS,WOMAN
SHIRLEYANN,WOMAN
CAROLYNN,WOMAN
MARLA,WOMAN
EVONNE,WOMAN
DARLYNE,WOMAN
VERNETTA,WOMAN
RHONDA,WOMAN
SHELBA,WOMAN
SHELVA,WOMAN
DEANNA,WOMAN
KARLA,WOMAN
TANYA,WOMAN
ANNMARIE,WOMAN
WENDY,WOMAN
RUTHANN,WOMAN
SHERRIE,WOMAN
CAROLANN,WOMAN
EVON,WOMAN
SHERYL,WOMAN
JACQULINE,WOMAN
KARLENE,WOMAN
GLENNIS,WOMAN
KARIN,WOMAN
MARLEEN,WOMAN
ROXANNE,WOMAN
HARLENE,WOMAN
ANNAMARIE,WOMAN
JACQUE,WOMAN
MARALYN,WOMAN
SHARI,WOMAN
LARAE,WOMAN
GAYLA,WOMAN
DEANNE,WOMAN
DIANNA,WOMAN
SIMONE,WOMAN
LEILANI,WOMAN
VICKIE,WOMAN
DIANN,WOMAN
KAROLYN,WOMAN
DEANN,WOMAN
NORETTA,WOMAN
SHELVIA,WOMAN
SHELVIE,WOMAN
SHELIA,WOMAN
JANYCE,WOMAN
JONELL,WOMAN
MAROLYN,WOMAN
MIMI,WOMAN
NORETA,WOMAN
ROSEANNE,WOMAN
LORELEI,WOMAN
VICKY,WOMAN
HELAINE,WOMAN
MARYJO,WOMAN
DEANA,WOMAN
JANINE,WOMAN
RONDA,WOMAN
LEANNE,WOMAN
CINDY,WOMAN
JUDI,WOMAN
KAREL,WOMAN
KARON,WOMAN
GLYNDA,WOMAN
TAMARA,WOMAN
SUZANN,WOMAN
FRAN,WOMAN
NANCI,WOMAN
APRIL,WOMAN
HEDY,WOMAN
MARI,WOMAN
JANNETTE,WOMAN
JERRI,WOMAN
HEIDI,WOMAN
DOTTY,WOMAN
SUELLEN,WOMAN
LONNA,WOMAN
KATHIE,WOMAN
ILONA,WOMAN
LARAINE,WOMAN
SUSANN,WOMAN
RONA,WOMAN
SHAREN,WOMAN
LYNNETTE,WOMAN
SCARLETT,WOMAN
BELINDA,WOMAN
PAM,WOMAN
RUTHANNE,WOMAN
JULIANN,WOMAN
SHERRON,WOMAN
DONITA,WOMAN
GEORGIANN,WOMAN
JERILYN,WOMAN
SHARYN,WOMAN
SHERRI,WOMAN
SUZAN,WOMAN
NYLA,WOMAN
TRINA,WOMAN
JUDYTH,WOMAN
NIKKI,WOMAN
SHERI,WOMAN
JANA,WOMAN
ADRIANNE,WOMAN
GEORGEANN,WOMAN
TERRI,WOMAN
CAREN,WOMAN
KRISTINE,WOMAN
GERI,WOMAN
JERILYNN,WOMAN
KARAN,WOMAN
ROSANN,WOMAN
CHERI,WOMAN
LEANN,WOMAN
PHYLISS,WOMAN
MERRILY,WOMAN
MELODY,WOMAN
KAAREN,WOMAN
CASSANDRA,WOMAN
ALOMA,WOMAN
CATHIE,WOMAN
SANDI,WOMAN
RONNA,WOMAN
KARREN,WOMAN
JERRILYN,WOMAN
SHERON,WOMAN
PAULETTA,WOMAN
MERRILEE,WOMAN
TERRIE,WOMAN
TONYA,WOMAN
SUNNY,WOMAN
KARYN,WOMAN
GINNY,WOMAN
CHARLA,WOMAN
TANA,WOMAN
CHAROLETTE,WOMAN
MARCY,WOMAN
CHERYLE,WOMAN
KATHI,WOMAN
KARYL,WOMAN
CANDY,WOMAN
SHERRYL,WOMAN
LUANA,WOMAN
ROZANNE,WOMAN
CARLYN,WOMAN
JACQUELYNN,WOMAN
CARON,WOMAN
SUZETTE,WOMAN
DORINDA,WOMAN
TERI,WOMAN
ALANA,WOMAN
DANNA,WOMAN
MARIBETH,WOMAN
PAMALA,WOMAN
ROSALINDA,WOMAN
ELYSE,WOMAN
PAMELLA,WOMAN
BOBBI,WOMAN
CORLISS,WOMAN
CHERYLL,WOMAN
GRACIELA,WOMAN
SHERILYN,WOMAN
DEIRDRE,WOMAN
GERRI,WOMAN
GLINDA,WOMAN
MICKIE,WOMAN
MARYBETH,WOMAN
CHERRIE,WOMAN
LAUREEN,WOMAN
PATRICE,WOMAN
ALETA,WOMAN
CANDICE,WOMAN
KRISTINA,WOMAN
VICKEY,WOMAN
NICKI,WOMAN
DEENA,WOMAN
JANEEN,WOMAN
MERYL,WOMAN
BETTINA,WOMAN
ROBYN,WOMAN
SHARYL,WOMAN
ERICA,WOMAN
LANI,WOMAN
LESLEE,WOMAN
DEIDRE,WOMAN
KATRINA,WOMAN
KRISTI,WOMAN
CHERRYL,WOMAN
DAYLE,WOMAN
RANDI,WOMAN
LORI,WOMAN
JACALYN,WOMAN
STARR,WOMAN
KENDRA,WOMAN
SUZANNA,WOMAN
DEBBY,WOMAN
VALARIE,WOMAN
MELODIE,WOMAN
ANNEMARIE,WOMAN
MICHAELE,WOMAN
JANNA,WOMAN
TRUDI,WOMAN
SANDIE,WOMAN
DARIA,WOMAN
VIKKI,WOMAN
RACHELLE,WOMAN
TONIA,WOMAN
MARCIE,WOMAN
CANDIS,WOMAN
SHIELA,WOMAN
REGENIA,WOMAN
DEBORA,WOMAN
MAURA,WOMAN
CARYN,WOMAN
KRISTIE,WOMAN
LIZABETH,WOMAN
REGENA,WOMAN
DENICE,WOMAN
DREMA,WOMAN
SHIRLEEN,WOMAN
CATHEY,WOMAN
CRISTINA,WOMAN
LYNDIA,WOMAN
BLANCA,WOMAN
FONDA,WOMAN
RENAE,WOMAN
KATHLENE,WOMAN
LOREEN,WOMAN
SHAUNA,WOMAN
SHARMAN,WOMAN
VALORIE,WOMAN
SANJUANITA,WOMAN
BETHANY,WOMAN
CHRISTA,WOMAN
SANJUANA,WOMAN
CANDYCE,WOMAN
LORRIE,WOMAN
TARA,WOMAN
PAMELIA,WOMAN
KRISTY,WOMAN
COLLETTE,WOMAN
ROXANN,WOMAN
DEBRAH,WOMAN
MINDY,WOMAN
KRISTA,WOMAN
LETICIA,WOMAN
TERESE,WOMAN
MARA,WOMAN
NICOLETTE,WOMAN
VANESSA,WOMAN
MERRIE,WOMAN
DEBBRA,WOMAN
JENIFER,WOMAN
LOURDES,WOMAN
GERALYN,WOMAN
JACLYN,WOMAN
SHARLEEN,WOMAN
LORIE,WOMAN
ALLYSON,WOMAN
ANGELIA,WOMAN
JANN,WOMAN
JOLEEN,WOMAN
CHRISTI,WOMAN
ESMERALDA,WOMAN
TEENA,WOMAN
GWENDA,WOMAN
RHONA,WOMAN
BRINDA,WOMAN
PANDORA,WOMAN
JODI,WOMAN
KIMBERLEY,WOMAN
MEGAN,WOMAN
LAURI,WOMAN
PAIGE,WOMAN
DEBORRAH,WOMAN
JOETTE,WOMAN
LISE,WOMAN
JACQULYN,WOMAN
MILAGROS,WOMAN
MARLENA,WOMAN
ROXANE,WOMAN
ELLYN,WOMAN
DEBERA,WOMAN
JONI,WOMAN
CINDI,WOMAN
TRICIA,WOMAN
BROOKE,WOMAN
DORETTA,WOMAN
LORRI,WOMAN
DANETTE,WOMAN
MARCI,WOMAN
ALISA,WOMAN
KARI,WOMAN
LESA,WOMAN
FRANCESCA,WOMAN
LANETTE,WOMAN
SHARLA,WOMAN
KIMBERLEE,WOMAN
ZANDRA,WOMAN
SHEREE,WOMAN
SABRINA,WOMAN
VALINDA,WOMAN
SHERIE,WOMAN
JOANIE,WOMAN
STARLA,WOMAN
MERRI,WOMAN
KERRI,WOMAN
LEEANN,WOMAN
VERNITA,WOMAN
CHERRI,WOMAN
BAMBI,WOMAN
RENITA,WOMAN
JANEL,WOMAN
DESIREE,WOMAN
DENESE,WOMAN
RONI,WOMAN
SHEILAH,WOMAN
ATHENA,WOMAN
JERYL,WOMAN
DANITA,WOMAN
GISELE,WOMAN
SHERREE,WOMAN
DEBI,WOMAN
KANDY,WOMAN
FELECIA,WOMAN
MIGDALIA,WOMAN
DAYNA,WOMAN
DEBBI,WOMAN
DEBROAH,WOMAN
JAYE,WOMAN
MONIQUE,WOMAN
TAMI,WOMAN
TARYN,WOMAN
LORINDA,WOMAN
MOIRA,WOMAN
MELODEE,WOMAN
SHERYLL,WOMAN
TRENA,WOMAN
NOEMI,WOMAN
LEESA,WOMAN
MARISA,WOMAN
DAWNA,WOMAN
TRACIE,WOMAN
DANI,WOMAN
SHEENA,WOMAN
DARA,WOMAN
KELLI,WOMAN
SHAWNA,WOMAN
BARB,WOMAN
KATHEY,WOMAN
KELLIE,WOMAN
WENDI,WOMAN
GAYLENE,WOMAN
LIZ,WOMAN
JEANNA,WOMAN
KARA,WOMAN
LEISA,WOMAN
CHANDRA,WOMAN
DORI,WOMAN
JAMI,WOMAN
MEG,WOMAN
MARITZA,WOMAN
STACIE,WOMAN
GLYNIS,WOMAN
JULI,WOMAN
BABETTE,WOMAN
TAMMIE,WOMAN
TAMERA,WOMAN
TAMRA,WOMAN
TRACI,WOMAN
TAMMI,WOMAN
DEB,WOMAN
TAMELA,WOMAN
CYNDI,WOMAN
GABRIELLE,WOMAN
CATHI,WOMAN
ERIKA,WOMAN
CANDI,WOMAN
JACKI,WOMAN
NILDA,WOMAN
KERI,WOMAN
SARITA,WOMAN
TIA,WOMAN
BRIDGETTE,WOMAN
TAMIE,WOMAN
BRIGITTE,WOMAN
SUZY,WOMAN
KIRSTEN,WOMAN
TAMBRA,WOMAN
MISSY,WOMAN
GIGI,WOMAN
PERRI,WOMAN
KARRIE,WOMAN
LISSA,WOMAN
LANITA,WOMAN
SUZIE,WOMAN
BEV,WOMAN
ALYSON,WOMAN
TRESA,WOMAN
KANDI,WOMAN
BRIDGETT,WOMAN
CARI,WOMAN
TORI,WOMAN
ALESIA,WOMAN
IVETTE,WOMAN
KERRIE,WOMAN
RENEA,WOMAN
ANGELICA,WOMAN
LIANE,WOMAN
SHELLI,WOMAN
LESIA,WOMAN
PENNI,WOMAN
TONJA,WOMAN
KEELY,WOMAN
MELISA,WOMAN
TARI,WOMAN
DEEDEE,WOMAN
KAYLA,WOMAN
LISHA,WOMAN
MISTY,WOMAN
DEIDRA,WOMAN
LEISHA,WOMAN
ELANA,WOMAN
ADRIANA,WOMAN
LORIANN,WOMAN
TANIA,WOMAN
DEDRA,WOMAN
EVETTE,WOMAN
LATANYA,WOMAN
FAWN,WOMAN
RISA,WOMAN
KRYSTAL,WOMAN
DEEANN,WOMAN
JOHNNA,WOMAN
VELVET,WOMAN
CORINA,WOMAN
JEANA,WOMAN
ANGELIQUE,WOMAN
MARNITA,WOMAN
JONNA,WOMAN
MACHELLE,WOMAN
MARIBEL,WOMAN
BARBIE,WOMAN
LORIA,WOMAN
GWYN,WOMAN
SHANNA,WOMAN
MONIKA,WOMAN
TRISHA,WOMAN
ALECIA,WOMAN
JANENE,WOMAN
LATONYA,WOMAN
STACI,WOMAN
STEFANIE,WOMAN
MELONIE,WOMAN
MARISOL,WOMAN
ARETHA,WOMAN
MARTI,WOMAN
DARCI,WOMAN
ADRIENE,WOMAN
DAWNE,WOMAN
CHARISSE,WOMAN
SHIRL,WOMAN
LESLI,WOMAN
JENA,WOMAN
BRIGETTE,WOMAN
TAMALA,WOMAN
SHANA,WOMAN
DELISA,WOMAN
MARICELA,WOMAN
ALYSSA,WOMAN
MICHELL,WOMAN
TONDA,WOMAN
RICHELLE,WOMAN
JEANMARIE,WOMAN
MARISSA,WOMAN
MELONY,WOMAN
DENEEN,WOMAN
MIA,WOMAN
KECIA,WOMAN
DJUNA,WOMAN
DJUANA,WOMAN
NOELLE,WOMAN
RENATA,WOMAN
TESSA,WOMAN
ANJANETTE,WOMAN
DENINE,WOMAN
DANEEN,WOMAN
HOLLI,WOMAN
KIMBERLI,WOMAN
LINETTE,WOMAN
CHRISTAL,WOMAN
ALISHA,WOMAN
ELAINA,WOMAN
KARRI,WOMAN
DELINDA,WOMAN
TYRA,WOMAN
TAWANA,WOMAN
MARNIE,WOMAN
DIONNE,WOMAN
KIMBERLIE,WOMAN
GABRIELA,WOMAN
CASANDRA,WOMAN
MARNI,WOMAN
TANGELA,WOMAN
KIMBERELY,WOMAN
SHANDA,WOMAN
DEMETRIA,WOMAN
LAVONDA,WOMAN
NATASHA,WOMAN
MECHELLE,WOMAN
SHONDA,WOMAN
YOLONDA,WOMAN
BRIGID,WOMAN
JULIANNA,WOMAN
CARIN,WOMAN
KELI,WOMAN
GIA,WOMAN
LATRICIA,WOMAN
LIZETTE,WOMAN
CRISTINE,WOMAN
BETHANN,WOMAN
TABATHA,WOMAN
JOELLE,WOMAN
LARA,WOMAN
SONJI,WOMAN
TAMATHA,WOMAN
TASHA,WOMAN
TATIA,WOMAN
GIDGET,WOMAN
LATONIA,WOMAN
BRANDI,WOMAN
NICHOLE,WOMAN
ALISSA,WOMAN
DEMETRA,WOMAN
JOELL,WOMAN
INGER,WOMAN
CAPRICE,WOMAN
DENITA,WOMAN
MELLISSA,WOMAN
LIA,WOMAN
CATRINA,WOMAN
MILISSA,WOMAN
SUNDAY,WOMAN
MEGHAN,WOMAN
ANDRIA,WOMAN
NICHELLE,WOMAN
CAMI,WOMAN
ANISSA,WOMAN
JOSETTE,WOMAN
LISSETTE,WOMAN
ADRIANE,WOMAN
WINDY,WOMAN
KAMI,WOMAN
BUFFY,WOMAN
KARIE,WOMAN
KEISHA,WOMAN
WENDE,WOMAN
TAWNYA,WOMAN
DANELLE,WOMAN
MISTI,WOMAN
TISHA,WOMAN
LARISSA,WOMAN
DARCIE,WOMAN
MAYRA,WOMAN
SEBRINA,WOMAN
ERICKA,WOMAN
TOWANDA,WOMAN
MICHAELA,WOMAN
CRISTY,WOMAN
CHERISE,WOMAN
TANJA,WOMAN
CARIE,WOMAN
CARRI,WOMAN
TIFFANI,WOMAN
CORETTA,WOMAN
TAMIKO,WOMAN
TAMIKA,WOMAN
CHANTEL,WOMAN
SHANNAN,WOMAN
KRISTAL,WOMAN
DAVINA,WOMAN
KIRSTIN,WOMAN
LATRICE,WOMAN
JOLIE,WOMAN
CRISTI,WOMAN
CORI,WOMAN
ARACELI,WOMAN
STEPHENIE,WOMAN
MELISSIA,WOMAN
CHANTAL,WOMAN
CORRINA,WOMAN
GILLIAN,WOMAN
ROLANDA,WOMAN
NICOLA,WOMAN
KELLEE,WOMAN
SHANI,WOMAN
CHANDA,WOMAN
CINNAMON,WOMAN
CHELSEA,WOMAN
AMI,WOMAN
RACQUEL,WOMAN
NICOLLE,WOMAN
AUTUMN,WOMAN
KISHA,WOMAN
LATASHA,WOMAN
SHONNA,WOMAN
CHRISTIN,WOMAN
LATISHA,WOMAN
DIONE,WOMAN
JADA,WOMAN
KYRA,WOMAN
MINDI,WOMAN
SHONA,WOMAN
MELLISA,WOMAN
CHRISTEN,WOMAN
ALEXANDRIA,WOMAN
SHARONDA,WOMAN
JULISSA,WOMAN
KARINA,WOMAN
KIRA,WOMAN
TAWANDA,WOMAN
MARISELA,WOMAN
TERRA,WOMAN
LASHONDA,WOMAN
TERA,WOMAN
TOYA,WOMAN
CARISSA,WOMAN
STEFANI,WOMAN
KESHA,WOMAN
TISA,WOMAN
MAYA,WOMAN
ANGELLA,WOMAN
TIFFANIE,WOMAN
TRISTA,WOMAN
RAINA,WOMAN
CRISTA,WOMAN
KRISTAN,WOMAN
TAWANNA,WOMAN
NIKI,WOMAN
SERINA,WOMAN
SHAWNDA,WOMAN
TOSHA,WOMAN
CHRISTEL,WOMAN
TRACEE,WOMAN
DYAN,WOMAN
TANISHA,WOMAN
CHANTELLE,WOMAN
STEPHANY,WOMAN
TREENA,WOMAN
YESENIA,WOMAN
CANDIDA,WOMAN
TARSHA,WOMAN
TAMEKA,WOMAN
AYANNA,WOMAN
JENNI,WOMAN
BRANDIE,WOMAN
SHANTEL,WOMAN
EBONY,WOMAN
SHAYLA,WOMAN
KIA,WOMAN
ALYSIA,WOMAN
SUMMER,WOMAN
JENNA,WOMAN
LATOYA,WOMAN
CRISTAL,WOMAN
SHANTA,WOMAN
SHALONDA,WOMAN
ANGELIC,WOMAN
BRENNA,WOMAN
ALYCIA,WOMAN
DAMARIS,WOMAN
CONSUELA,WOMAN
LASHANDA,WOMAN
ADRIA,WOMAN
LASONYA,WOMAN
SHARA,WOMAN
KATINA,WOMAN
CATINA,WOMAN
CHER,WOMAN
LAKISHA,WOMAN
CHASTITY,WOMAN
NIKOLE,WOMAN
CONTINA,WOMAN
CHIQUITA,WOMAN
CHASITY,WOMAN
NICHOL,WOMAN
BRANDEE,WOMAN
CAMISHA,WOMAN
LAKESHA,WOMAN
ANIKA,WOMAN
CHERILYN,WOMAN
ALEJANDRA,WOMAN
LAKEISHA,WOMAN
LATOSHA,WOMAN
KEENA,WOMAN
SASHA,WOMAN
NIKITA,WOMAN
CRISTIN,WOMAN
ROCIO,WOMAN
TOMIKA,WOMAN
TOMEKA,WOMAN
RACHEAL,WOMAN
GRISELDA,WOMAN
KEESHA,WOMAN
LILIANA,WOMAN
STEPHAINE,WOMAN
BREE,WOMAN
LATRINA,WOMAN
FELISHA,WOMAN
LAYLA,WOMAN
CELENA,WOMAN
JENNIFFER,WOMAN
REBECA,WOMAN
SHERITA,WOMAN
KORI,WOMAN
ALETHEA,WOMAN
CARLY,WOMAN
AISHA,WOMAN
CICELY,WOMAN
ANITRA,WOMAN
BIANCA,WOMAN
VONETTA,WOMAN
LATARSHA,WOMAN
NYREE,WOMAN
ALEXA,WOMAN
FATIMA,WOMAN
KESHIA,WOMAN
DANIELA,WOMAN
DANYELLE,WOMAN
MENDY,WOMAN
CHARISSA,WOMAN
SHANTELL,WOMAN
MARQUITA,WOMAN
BRIANA,WOMAN
CHANEL,WOMAN
DANYELL,WOMAN
SUNSHINE,WOMAN
NIA,WOMAN
NIKIA,WOMAN
JAMILA,WOMAN
TANIKA,WOMAN
BRANDE,WOMAN
MEAGAN,WOMAN
JASMIN,WOMAN
MARANDA,WOMAN
LAKESHIA,WOMAN
KYLA,WOMAN
SYREETA,WOMAN
LUCIANA,WOMAN
TOBI,WOMAN
ALANNA,WOMAN
MISTIE,WOMAN
TAMICA,WOMAN
CARISA,WOMAN
CHERISH,WOMAN
CECILY,WOMAN
HALEY,WOMAN
MANDI,WOMAN
DANIELE,WOMAN
TAMISHA,WOMAN
TANESHA,WOMAN
DANYEL,WOMAN
GABRIELLA,WOMAN
TIANA,WOMAN
MANDIE,WOMAN
HARMONY,WOMAN
SHAMEKA,WOMAN
SPRING,WOMAN
DESTINY,WOMAN
NAKISHA,WOMAN
TAMEKIA,WOMAN
AYANA,WOMAN
RASHIDA,WOMAN
YADIRA,WOMAN
ALESHA,WOMAN
KACEY,WOMAN
SHAWANDA,WOMAN
SHAMIKA,WOMAN
TAKISHA,WOMAN
PEPPER,WOMAN
KANDICE,WOMAN
ALINA,WOMAN
MEGGAN,WOMAN
FARRAH,WOMAN
TENNILLE,WOMAN
NADIA,WOMAN
RHIANNON,WOMAN
JILLIAN,WOMAN
JANUARY,WOMAN
KHALILAH,WOMAN
JANAE,WOMAN
JAIMEE,WOMAN
FARAH,WOMAN
CHANA,WOMAN
SOMMER,WOMAN
SHAYNA,WOMAN
SHASTA,WOMAN
TORRIE,WOMAN
ASHLEE,WOMAN
CARINA,WOMAN
CHAKA,WOMAN
TRISH,WOMAN
RAYNA,WOMAN
BRIANNA,WOMAN
EBONI,WOMAN
KENISHA,WOMAN
CAITLIN,WOMAN
LATORIA,WOMAN
TORIE,WOMAN
VENESSA,WOMAN
SHANIKA,WOMAN
SHANDRA,WOMAN
KIZZY,WOMAN
QIANA,WOMAN
TALIA,WOMAN
HAYLEY,WOMAN
SHAWNTE,WOMAN
SHANTE,WOMAN
SALENA,WOMAN
LIANA,WOMAN
QUIANA,WOMAN
KAMILAH,WOMAN
SHALON,WOMAN
LATESHA,WOMAN
IESHA,WOMAN
BRITTNEY,WOMAN
DANICA,WOMAN
JENELLE,WOMAN
YASMIN,WOMAN
LASHUNDA,WOMAN
MALIA,WOMAN
ADRIANNA,WOMAN
TARAH,WOMAN
TENISHA,WOMAN
SHAWNNA,WOMAN
CHANTE,WOMAN
KARISSA,WOMAN
CORIE,WOMAN
CHRISSY,WOMAN
KYLIE,WOMAN
AJA,WOMAN
MEGHANN,WOMAN
CRISSY,WOMAN
MEAGHAN,WOMAN
SHAVON,WOMAN
BRIANNE,WOMAN
KRISSY,WOMAN
SHAVONNE,WOMAN
LACIE,WOMAN
SHANITA,WOMAN
DESIRAE,WOMAN
ABBEY,WOMAN
LYNDSEY,WOMAN
SHAUNNA,WOMAN
MARLANA,WOMAN
ARIANE,WOMAN
KYLEE,WOMAN
SIERRA,WOMAN
LEIA,WOMAN
NATOSHA,WOMAN
ARIANA,WOMAN
SOMER,WOMAN
ASHLEIGH,WOMAN
STAR,WOMAN
ALAINA,WOMAN
CASIE,WOMAN
KINDRA,WOMAN
PRECIOUS,WOMAN
KIANA,WOMAN
WINTER,WOMAN
VIVIANA,WOMAN
BREANNE,WOMAN
SIOBHAN,WOMAN
MAREN,WOMAN
KYLENE,WOMAN
BREANNA,WOMAN
ASHANTI,WOMAN
ASIA,WOMAN
LYNDSAY,WOMAN
SHAREE,WOMAN
KACY,WOMAN
PRINCESS,WOMAN
AYESHA,WOMAN
RIKKI,WOMAN
LYNSEY,WOMAN
SHANEKA,WOMAN
LINSEY,WOMAN
LONI,WOMAN
PERLA,WOMAN
KRISTYN,WOMAN
ANYA,WOMAN
MARIANA,WOMAN
RENADA,WOMAN
KACIE,WOMAN
BRITNEY,WOMAN
REYNA,WOMAN
CHIMERE,WOMAN
KACI,WOMAN
BRYNN,WOMAN
LACI,WOMAN
TAI,WOMAN
ASHLIE,WOMAN
JESSI,WOMAN
TATIANA,WOMAN
KATI,WOMAN
KRYSTLE,WOMAN
TIERRA,WOMAN
TIARA,WOMAN
FALLON,WOMAN
EVITA,WOMAN
KAITLIN,WOMAN
MARTINE,WOMAN
KASSANDRA,WOMAN
JESICA,WOMAN
ALEXIA,WOMAN
TOCCARA,WOMAN
LATOYIA,WOMAN
TASHINA,WOMAN
CHAYA,WOMAN
JOI,WOMAN
DANIELLA,WOMAN
KATELYN,WOMAN
KANDACE,WOMAN
SHANELL,WOMAN
KOURTNEY,WOMAN
NEREIDA,WOMAN
JAZMIN,WOMAN
CHELSEY,WOMAN
KALEENA,WOMAN
KALA,WOMAN
KASSIE,WOMAN
JENILEE,WOMAN
EMILEE,WOMAN
CASSONDRA,WOMAN
SHAINA,WOMAN
SHAKIRA,WOMAN
CIARA,WOMAN
HAILEY,WOMAN
KALI,WOMAN
SHENA,WOMAN
FALON,WOMAN
TAWNY,WOMAN
ARIELLE,WOMAN
ASHLY,WOMAN
CHELSIE,WOMAN
TENIKA,WOMAN
SHARITA,WOMAN
CRISTEN,WOMAN
TABETHA,WOMAN
KRYSTA,WOMAN
CARLEY,WOMAN
ARIANNA,WOMAN
MALLORY,WOMAN
KAITLYN,WOMAN
CIJI,WOMAN
ASHELY,WOMAN
GISELLE,WOMAN
TESS,WOMAN
MAEGAN,WOMAN
ECHO,WOMAN
DWAN,WOMAN
BRITNI,WOMAN
ASHLI,WOMAN
PAOLA,WOMAN
ASHLEA,WOMAN
CAITLYN,WOMAN
TYESHA,WOMAN
MAIRA,WOMAN
BRITTANI,WOMAN
TASIA,WOMAN
GRISEL,WOMAN
KAYLEE,WOMAN
SHENNA,WOMAN
TEELA,WOMAN
SAVANNA,WOMAN
BREANN,WOMAN
MCKENZIE,WOMAN
JANESSA,WOMAN
KASANDRA,WOMAN
MARKITA,WOMAN
KARLY,WOMAN
MAGEN,WOMAN
DANNIELLE,WOMAN
CIERRA,WOMAN
SADE,WOMAN
KRYSTINA,WOMAN
MICAELA,WOMAN
CIERA,WOMAN
BRITTNI,WOMAN
KAYLEIGH,WOMAN
BRITANY,WOMAN
ALYSE,WOMAN
DEANDRA,WOMAN
BRITTNY,WOMAN
KALEY,WOMAN
ALYSHA,WOMAN
JAZMINE,WOMAN
SHAQUITA,WOMAN
KRYSTEN,WOMAN
BRITTANIE,WOMAN
KRYSTIN,WOMAN
MAGAN,WOMAN
KATELIN,WOMAN
VIOLETA,WOMAN
KASIE,WOMAN
JESSIKA,WOMAN
KELSIE,WOMAN
MARIEL,WOMAN
SHIRA,WOMAN
JAQUELINE,WOMAN
AMBERLY,WOMAN
SAMATHA,WOMAN
ELIANA,WOMAN
KALEIGH,WOMAN
NAKITA,WOMAN
PHYLICIA,WOMAN
BRITTANEY,WOMAN
KATLYN,WOMAN
SHARDAE,WOMAN
JERRICA,WOMAN
PORSHA,WOMAN
BRITTA,WOMAN
SHARDE,WOMAN
CHERRELLE,WOMAN
KATELYNN,WOMAN
MALLORIE,WOMAN
CHERELLE,WOMAN
MALORIE,WOMAN
SABLE,WOMAN
KAILA,WOMAN
ASHLYN,WOMAN
SHANAE,WOMAN
SHARDAY,WOMAN
FABIOLA,WOMAN
ILIANA,WOMAN
KYRIE,WOMAN
LEANDRA,WOMAN
SHATARA,WOMAN
KORTNEY,WOMAN
JANAY,WOMAN
AYLA,WOMAN
CAYLA,WOMAN
YESSENIA,WOMAN
SKYE,WOMAN
KELSI,WOMAN
JERICA,WOMAN
TIERA,WOMAN
JESENIA,WOMAN
KAELA,WOMAN
KARLI,WOMAN
PORSCHE,WOMAN
KALYN,WOMAN
CHANELLE,WOMAN
ALESSANDRA,WOMAN
LAKENDRA,WOMAN
LAURYN,WOMAN
KAYCEE,WOMAN
KAILEY,WOMAN
DENISSE,WOMAN
JESSENIA,WOMAN
ANJELICA,WOMAN
SARAI,WOMAN
TIANNA,WOMAN
KAYLIN,WOMAN
KAYLYN,WOMAN
DENISHA,WOMAN
STEPHANI,WOMAN
KAYLIE,WOMAN
DANAE,WOMAN
SHANICE,WOMAN
JALEESA,WOMAN
JALISA,WOMAN
WHITLEY,WOMAN
DEJA,WOMAN
TAJA,WOMAN
CHELSI,WOMAN
GENESIS,WOMAN
KATLIN,WOMAN
KIMBER,WOMAN
BRITTNEE,WOMAN
KIERRA,WOMAN
ALEXANDREA,WOMAN
ANAIS,WOMAN
ALLYSSA,WOMAN
KIERSTEN,WOMAN
BREANA,WOMAN
DIANDRA,WOMAN
SARINA,WOMAN
LIZBETH,WOMAN
KIERA,WOMAN
KATARINA,WOMAN
JALISSA,WOMAN
HALI,WOMAN
CARLI,WOMAN
TIARRA,WOMAN
GRECIA,WOMAN
MORIAH,WOMAN
KAITLYNN,WOMAN
BRITTNIE,WOMAN
FLOR,WOMAN
ELIZABET,WOMAN
ALEXANDR,WOMAN
BRITNY,WOMAN
KATHERIN,WOMAN
MIKAYLA,WOMAN
AUDRIANNA,WOMAN
KIRSTIE,WOMAN
ASHA,WOMAN
KALLIE,WOMAN
KELSEA,WOMAN
BRYANNA,WOMAN
AUDRIANA,WOMAN
DANIKA,WOMAN
GIANNA,WOMAN
MAKAYLA,WOMAN
MARTIKA,WOMAN
MIKAELA,WOMAN
DESTINEE,WOMAN
BRITTNAY,WOMAN
YAJAIRA,WOMAN
YASMINE,WOMAN
SHANIQUA,WOMAN
SHANELLE,WOMAN
LIZETH,WOMAN
JOANA,WOMAN
RYANN,WOMAN
ISAMAR,WOMAN
LATIFAH,WOMAN
KANISHA,WOMAN
RUBI,WOMAN
MARIELA,WOMAN
SYMONE,WOMAN
IVANA,WOMAN
HEAVEN,WOMAN
LUCERO,WOMAN
SHELBI,WOMAN
ALYSA,WOMAN
DULCE,WOMAN
BROOKLYN,WOMAN
NATALY,WOMAN
IMANI,WOMAN
KALIE,WOMAN
ALANNAH,WOMAN
FIONA,WOMAN
KANESHA,WOMAN
LAKEN,WOMAN
HALEIGH,WOMAN
ERYN,WOMAN
ELYSSA,WOMAN
SHELBIE,WOMAN
DEMI,WOMAN
IESHIA,WOMAN
MAKENZIE,WOMAN
SHANEQUA,WOMAN
KARLEE,WOMAN
HAYLEE,WOMAN
CHEYANNE,WOMAN
ESTEFANIA,WOMAN
HALIE,WOMAN
CHYNNA,WOMAN
KARLIE,WOMAN
STORMY,WOMAN
DELANEY,WOMAN
CARLEE,WOMAN
KAILEE,WOMAN
ALAYNA,WOMAN
MCKENNA,WOMAN
SHAQUANA,WOMAN
TIESHA,WOMAN
BRIELLE,WOMAN
MARCELA,WOMAN
MYRANDA,WOMAN
MIRIAH,WOMAN
ALEXUS,WOMAN
KELCIE,WOMAN
EMERALD,WOMAN
GIOVANNA,WOMAN
BRYANA,WOMAN
CHINA,WOMAN
ESSENCE,WOMAN
BRIA,WOMAN
ARACELY,WOMAN
AUBREE,WOMAN
CHELSY,WOMAN
MIESHA,WOMAN
CINTHIA,WOMAN
BRIANDA,WOMAN
HAILEE,WOMAN
KARLEY,WOMAN
ASHLYNN,WOMAN
MACEY,WOMAN
TATYANA,WOMAN
SHAWNEE,WOMAN
BREA,WOMAN
JOSELYN,WOMAN
IVONNE,WOMAN
KATERINA,WOMAN
MARLEE,WOMAN
BREONNA,WOMAN
SHANIECE,WOMAN
KAYLYNN,WOMAN
KINSEY,WOMAN
KENIA,WOMAN
DESTINI,WOMAN
KAYLEY,WOMAN
LEXUS,WOMAN
SELENE,WOMAN
YARITZA,WOMAN
KHADIJAH,WOMAN
KADIJAH,WOMAN
HALLE,WOMAN
BRIONNA,WOMAN
DESTINEY,WOMAN
JAZMYN,WOMAN
YAZMIN,WOMAN
ITZEL,WOMAN
KASSIDY,WOMAN
CORAIMA,WOMAN
SHANNEN,WOMAN
KAILYN,WOMAN
KALENE,WOMAN
KATLYNN,WOMAN
LEXI,WOMAN
DEYANIRA,WOMAN
YASMEEN,WOMAN
SHYANNE,WOMAN
VIRIDIANA,WOMAN
KAYLENE,WOMAN
CRYSTA,WOMAN
REINA,WOMAN
ALONDRA,WOMAN
KAYLI,WOMAN
NAYELI,WOMAN
JASMYN,WOMAN
ASPEN,WOMAN
JASMYNE,WOMAN
PALOMA,WOMAN
ELENI,WOMAN
HANA,WOMAN
AALIYAH,WOMAN
ALIYAH,WOMAN
DALIA,WOMAN
ZHANE,WOMAN
MCKAYLA,WOMAN
CLARISA,WOMAN
MIKALA,WOMAN
DAYANA,WOMAN
MADDISON,WOMAN
KIANNA,WOMAN
KENZIE,WOMAN
BAILEE,WOMAN
SYDNEE,WOMAN
HAYLIE,WOMAN
NOHELY,WOMAN
MAKENNA,WOMAN
VANESA,WOMAN
CYDNEY,WOMAN
ALEAH,WOMAN
SHYANN,WOMAN
VALENTINA,WOMAN
CAITLYNN,WOMAN
TATUM,WOMAN
ADILENE,WOMAN
ISIS,WOMAN
TATIANNA,WOMAN
BAYLEE,WOMAN
SHANIA,WOMAN
JOCELYNE,WOMAN
DAISHA,WOMAN
KAELYN,WOMAN
JAYLA,WOMAN
DASIA,WOMAN
EMELY,WOMAN
SYDNI,WOMAN
ABBIGAIL,WOMAN
MIRACLE,WOMAN
ZOEY,WOMAN
UNIQUE,WOMAN
IRIDIAN,WOMAN
BROOKLYNN,WOMAN
ALIA,WOMAN
KEANNA,WOMAN
ALIVIA,WOMAN
DAIJA,WOMAN
SYDNIE,WOMAN
FERNANDA,WOMAN
DAJA,WOMAN
LESLY,WOMAN
ANNIKA,WOMAN
KYLEIGH,WOMAN
SIENNA,WOMAN
CIARRA,WOMAN
MACI,WOMAN
DESTANY,WOMAN
TAMIA,WOMAN
MOESHA,WOMAN
ODALYS,WOMAN
YAMILEX,WOMAN
ZARIA,WOMAN
MIREYA,WOMAN
ALIZE,WOMAN
XENA,WOMAN
DANIA,WOMAN
KATIA,WOMAN
MAIA,WOMAN
AMANI,WOMAN
SHIANNE,WOMAN
MADISEN,WOMAN
ODALIS,WOMAN
KAYLAH,WOMAN
SARAHI,WOMAN
JAILENE,WOMAN
JAZLYN,WOMAN
ALYSSIA,WOMAN
CHYNA,WOMAN
ESTEFANY,WOMAN
ANSLEY,WOMAN
MADYSON,WOMAN
JAYCIE,WOMAN
JACEY,WOMAN
LEXIS,WOMAN
DAIJAH,WOMAN
JOSLYN,WOMAN
DEJAH,WOMAN
YULISSA,WOMAN
ANAHI,WOMAN
AYLIN,WOMAN
JULISA,WOMAN
SALMA,WOMAN
MADISYN,WOMAN
ERYKAH,WOMAN
GISSELLE,WOMAN
RAEGAN,WOMAN
TEA,WOMAN
ESTRELLA,WOMAN
JAYDA,WOMAN
RYLIE,WOMAN
MAKALA,WOMAN
TAYA,WOMAN
KAYLAN,WOMAN
CAMILA,WOMAN
ANNALISE,WOMAN
JAZMYNE,WOMAN
KEELEY,WOMAN
SHAYLEE,WOMAN
SAVANA,WOMAN
MADELYNN,WOMAN
MICAYLA,WOMAN
MAEVE,WOMAN
NAUTICA,WOMAN
CALI,WOMAN
SERENITY,WOMAN
YULISA,WOMAN
BAYLIE,WOMAN
SAMARA,WOMAN
MYA,WOMAN
ALLY,WOMAN
MYAH,WOMAN
REANNA,WOMAN
MADILYN,WOMAN
FELICITY,WOMAN
IRELAND,WOMAN
SKYLA,WOMAN
WILLOW,WOMAN
JAIDA,WOMAN
ABIGAYLE,WOMAN
JAELYN,WOMAN
RHIANNA,WOMAN
AMIRA,WOMAN
SHAE,WOMAN
ZOIE,WOMAN
CALEIGH,WOMAN
ABRIL,WOMAN
DEASIA,WOMAN
KAYLEN,WOMAN
TAYLA,WOMAN
ALEXYS,WOMAN
JAYCEE,WOMAN
JAYDE,WOMAN
KENNEDI,WOMAN
AMAYA,WOMAN
PIPER,WOMAN
ANIYA,WOMAN
NOELIA,WOMAN
KIARRA,WOMAN
SHANIYA,WOMAN
KEARA,WOMAN
EMMALEE,WOMAN
AIYANA,WOMAN
MIYA,WOMAN
JALYN,WOMAN
NYASIA,WOMAN
ANIYAH,WOMAN
JAYLENE,WOMAN
KYARA,WOMAN
CITLALLI,WOMAN
ABIGALE,WOMAN
ISABELA,WOMAN
TATYANNA,WOMAN
JOURNEY,WOMAN
RYLEIGH,WOMAN
ALIYA,WOMAN
SKY,WOMAN
SHYLA,WOMAN
BRYN,WOMAN
ABAGAIL,WOMAN
IZABELLA,WOMAN
NYA,WOMAN
SAIGE,WOMAN
JAKAYLA,WOMAN
LITZY,WOMAN
BRISA,WOMAN
AMYA,WOMAN
JACKELINE,WOMAN
KAYA,WOMAN
JAQUELIN,WOMAN
HAILIE,WOMAN
NYAH,WOMAN
AMARA,WOMAN
DARIANA,WOMAN
YAMILET,WOMAN
MONSERRAT,WOMAN
CIELO,WOMAN
ARYANNA,WOMAN
ANAYA,WOMAN
ARELY,WOMAN
KAIA,WOMAN
MARYAM,WOMAN
ANJALI,WOMAN
LILLIANA,WOMAN
AMIYA,WOMAN
BELEN,WOMAN
ALIZA,WOMAN
KEIRA,WOMAN
JANIYA,WOMAN
ASHTYN,WOMAN
NEHA,WOMAN
LAISHA,WOMAN
AMINA,WOMAN
JAILYN,WOMAN
KENNA,WOMAN
IYANA,WOMAN
MAIYA,WOMAN
MARLEN,WOMAN
NEVAEH,WOMAN
AINSLEY,WOMAN
YULIANA,WOMAN
BEYONCE,WOMAN
NAYELY,WOMAN
JOHANA,WOMAN
NALLELY,WOMAN
KAIYA,WOMAN
MEADOW,WOMAN
MAKAILA,WOMAN
KYA,WOMAN
XIMENA,WOMAN
JIMENA,WOMAN
MELANY,WOMAN
JAMYA,WOMAN
TAINA,WOMAN
AUBRIE,WOMAN
FRIDA,WOMAN
KALIYAH,WOMAN
MIKAILA,WOMAN
TALIYAH,WOMAN
TANIYA,WOMAN
CITLALI,WOMAN
ANNABELLA,WOMAN
DAFNE,WOMAN
HAYLEIGH,WOMAN
YOSELIN,WOMAN
ARELI,WOMAN
MADALYNN,WOMAN
PRISCILA,WOMAN
MIAH,WOMAN
KEILA,WOMAN
NATALYA,WOMAN
JAYLYNN,WOMAN
RIANNA,WOMAN
SHEYLA,WOMAN
ARYANA,WOMAN
ELLE,WOMAN
LISBETH,WOMAN
EVELIN,WOMAN
MAKENA,WOMAN
JALIYAH,WOMAN
KEYLA,WOMAN
GIANA,WOMAN
MALEAH,WOMAN
SHREYA,WOMAN
MALIYAH,WOMAN
SAMIRA,WOMAN
JALYNN,WOMAN
GALILEA,WOMAN
RIYA,WOMAN
CADENCE,WOMAN
IYANNA,WOMAN
KIYA,WOMAN
JAYLYN,WOMAN
ESTEFANI,WOMAN
YARELI,WOMAN
DAYANARA,WOMAN
JANIYAH,WOMAN
TANIYAH,WOMAN
SANAA,WOMAN
YAHAIRA,WOMAN
KADENCE,WOMAN
AMIYAH,WOMAN
TAMYA,WOMAN
SHERLYN,WOMAN
NATALEE,WOMAN
LAINEY,WOMAN
ANGELES,WOMAN
KARYME,WOMAN
ARLY,WOMAN
SANIYA,WOMAN
SARIAH,WOMAN
KAYDENCE,WOMAN
ALANI,WOMAN
AMARIS,WOMAN
CHARLIZE,WOMAN
KIMORA,WOMAN
XIOMARA,WOMAN
MARIN,WOMAN
DIYA,WOMAN
TREASURE,WOMAN
ALEENA,WOMAN
SANIYAH,WOMAN
ADDYSON,WOMAN
KARIS,WOMAN
GRACELYN,WOMAN
JAYLEE,WOMAN
NATHALY,WOMAN
LIVIA,WOMAN
JAYLEEN,WOMAN
JANIAH,WOMAN
GWYNETH,WOMAN
ZARIAH,WOMAN
AVERIE,WOMAN
HEIDY,WOMAN
MIKALAH,WOMAN
ARLETH,WOMAN
KARMA,WOMAN
SIENA,WOMAN
JAELYNN,WOMAN
ANABELLE,WOMAN
NAIMA,WOMAN
ANNELIESE,WOMAN
ZARA,WOMAN
ELLIANA,WOMAN
KINSLEY,WOMAN
SELAH,WOMAN
JOLETTE,WOMAN
BRYLEE,WOMAN
MYLA,WOMAN
YURIDIA,WOMAN
MONTSERRAT,WOMAN
VALERY,WOMAN
LILIANNA,WOMAN
LEYLA,WOMAN
RIHANNA,WOMAN
ADDISYN,WOMAN
AKEELAH,WOMAN
ADISON,WOMAN
LILYANA,WOMAN
NATHALIA,WOMAN
PAISLEY,WOMAN
YARETZI,WOMAN
SCARLET,WOMAN
BRAELYN,WOMAN
KAMILA,WOMAN
CAILYN,WOMAN
BETHZY,WOMAN
ADYSON,WOMAN
JOSELIN,WOMAN
MARIYAH,WOMAN
KINLEY,WOMAN
JAYLAH,WOMAN
CHARLEE,WOMAN
ADAMARIS,WOMAN
MALAYA,WOMAN
KHLOE,WOMAN
AMIRAH,WOMAN
BRILEY,WOMAN
JORJA,WOMAN
RAYNE,WOMAN
SANAI,WOMAN
DAHLIA,WOMAN
LORELAI,WOMAN
NEVEAH,WOMAN
IZABELLE,WOMAN
MILEY,WOMAN
MYLEE,WOMAN
JORDIN,WOMAN
JASLENE,WOMAN
AUDRINA,WOMAN
AZUL,WOMAN
MARELY,WOMAN
SHILOH,WOMAN
MADILYNN,WOMAN
JAEDA,WOMAN
JAZLYNN,WOMAN
LONDYN,WOMAN
GIADA,WOMAN
ADELYN,WOMAN
JOCELYNN,WOMAN
MYLIE,WOMAN
ADALYN,WOMAN
ALIANA,WOMAN
GIULIANA,WOMAN
AZARIA,WOMAN
ZANIYAH,WOMAN
ALYVIA,WOMAN
JOSELINE,WOMAN
KELIS,WOMAN
LILLIANNA,WOMAN
KYLAH,WOMAN
HADASSAH,WOMAN
ALLISSON,WOMAN
CAYLEE,WOMAN
MARELI,WOMAN
DAYAMI,WOMAN
ALISSON,WOMAN
NYLAH,WOMAN
JAZLENE,WOMAN
ADALYNN,WOMAN
JASLYN,WOMAN
GEMMA,WOMAN
LAILAH,WOMAN
BRYNLEE,WOMAN
RAELYNN,WOMAN
MARLIE,WOMAN
ANABELLA,WOMAN
ARIELLA,WOMAN
KAMORA,WOMAN
PAITYN,WOMAN
PAYTEN,WOMAN
AMIAH,WOMAN
AVERI,WOMAN
AVAH,WOMAN
KARSYN,WOMAN
JAMIYA,WOMAN
LAYLAH,WOMAN
CARLEIGH,WOMAN
KENLEY,WOMAN
SLOANE,WOMAN
ELIANNA,WOMAN
